
=== 1/4  scripts/check-labbook.sh ===
[gate A] OK: every claim id in /home/tobias/Projects/arithmetic-quantum-mechanics/claims/CLAIMS.md is cited under /home/tobias/Projects/arithmetic-quantum-mechanics/labbook/sections.
[gate B] OK: every Dn heading in /home/tobias/Projects/arithmetic-quantum-mechanics/definitions.md is cited under /home/tobias/Projects/arithmetic-quantum-mechanics/labbook/sections.
[gate C] OK: no verbatim/lstlisting/alltt/minted under /home/tobias/Projects/arithmetic-quantum-mechanics/labbook.
[gate D] OK: /home/tobias/Projects/arithmetic-quantum-mechanics/labbook/main.pdf is not older than any /home/tobias/Projects/arithmetic-quantum-mechanics/labbook/**.tex file.
----------------------------------------
[check-labbook] PASS

=== 2/4  labbook build (latexmk -pdf main.tex) ===
Rc files read:
  /etc/LatexMk
Latexmk: This is Latexmk, John Collins, 31 Jan. 2024. Version 4.83.
Latexmk: Nothing to do for 'main.tex'.
Latexmk: All targets (main.pdf) are up-to-date

[session-close] OK: labbook/main.pdf built.

=== 3/4 + 4/4  theory/checks/*.py -- green, then every --help-advertised red mode ===
--- arithmetic_limits_check.py (green run) ---
{
  "status": "PASS",
  "mutation": null,
  "counts": {
    "G1": 231,
    "G2": 6960,
    "G3": 3,
    "F1": 61,
    "F2": 1212,
    "R1": 3,
    "R2": 131,
    "F3": 22,
    "R3": 16,
    "M1": 5
  },
  "records": {
    "G": {
      "S3_core_order": 1,
      "S3_action_order": 6,
      "cyclic_towers_max_order": 12,
      "cyclic_towers": 74,
      "tensor_probabilities": {
        "ss": "1/4",
        "sf": "1/4",
        "fs": "1/4",
        "ff": "1/4"
      },
      "tensor_matrix_units": 1296,
      "nonuniform_composite_squared_column": [
        "1/2",
        "1/4",
        "1/4"
      ],
      "direct_squared_column": [
        "1/3",
        "1/3",
        "1/3"
      ],
      "tower_failure_cross_terms": "distinct",
      "tower_history_Born_return": "5/9",
      "binary_composite_Born_return": "1"
    },
    "F": [
      {
        "K": 2,
        "E": 4,
        "degree": 2,
        "kappa": 2,
        "branch": "p-divides-degree",
        "Gram_numerator": [
          [
            1,
            0
          ],
          [
            1,
            0
          ]
        ],
        "Gram_denominator_squared": 2,
        "nonzero_singular_square": "1",
        "Gram_rank": 1,
        "support_rank": 3,
        "physical_support_trace": "3/4",
        "generated_algebra_dimension": 4,
        "central_physical_weights": [
          "1/4",
          "1/4",
          "1/4",
          "1/4"
        ],
        "embedding": [
          0,
          1
        ],
        "relative_trace_fibres": [
          [
            0,
            1
          ],
          [
            2,
            3
          ]
        ]
      },
      {
        "K": 2,
        "E": 8,
        "degree": 3,
        "kappa": 4,
        "branch": "invertible",
        "Gram_numerator": [
          [
            1,
            0
          ],
          [
            0,
            1
          ]
        ],
        "Gram_denominator_squared": 4,
        "nonzero_singular_square": "1/4",
        "Gram_rank": 2,
        "support_rank": 4,
        "physical_support_trace": "1/2",
        "generated_algebra_dimension": 5,
        "central_physical_weights": [
          "1/2",
          "1/2"
        ],
        "embedding": [
          0,
          1
        ],
        "relative_trace_fibres": [
          [
            0,
            2,
            4,
            6
          ],
          [
            1,
            3,
            5,
            7
          ]
        ]
      },
      {
        "K": 3,
        "E": 9,
        "degree": 2,
        "kappa": 3,
        "branch": "invertible",
        "Gram_numerator": [
          [
            1,
            0,
            0
          ],
          [
            0,
            0,
            1
          ],
          [
            0,
            1,
            0
          ]
        ],
        "Gram_denominator_squared": 3,
        "nonzero_singular_square": "1/3",
        "Gram_rank": 3,
        "support_rank": 6,
        "physical_support_trace": "2/3",
        "generated_algebra_dimension": 5,
        "central_physical_weights": [
          "2/3",
          "1/3"
        ],
        "embedding": [
          0,
          1,
          2
        ],
        "relative_trace_fibres": [
          [
            0,
            3,
            6
          ],
          [
            2,
            5,
            8
          ],
          [
            1,
            4,
            7
          ]
        ]
      },
      {
        "K": 4,
        "E": 16,
        "degree": 2,
        "kappa": 4,
        "branch": "p-divides-degree",
        "Gram_numerator": [
          [
            1,
            0,
            0,
            0
          ],
          [
            1,
            0,
            0,
            0
          ],
          [
            1,
            0,
            0,
            0
          ],
          [
            1,
            0,
            0,
            0
          ]
        ],
        "Gram_denominator_squared": 4,
        "nonzero_singular_square": "1",
        "Gram_rank": 1,
        "support_rank": 7,
        "physical_support_trace": "7/16",
        "generated_algebra_dimension": 4,
        "central_physical_weights": [
          "1/16",
          "3/16",
          "3/16",
          "9/16"
        ],
        "embedding": [
          0,
          1,
          6,
          7
        ],
        "relative_trace_fibres": [
          [
            0,
            1,
            6,
            7
          ],
          [
            2,
            3,
            4,
            5
          ],
          [
            10,
            11,
            12,
            13
          ],
          [
            8,
            9,
            14,
            15
          ]
        ]
      },
      {
        "K": 3,
        "E": 27,
        "degree": 3,
        "kappa": 9,
        "branch": "p-divides-degree",
        "Gram_numerator": [
          [
            1,
            0,
            0
          ],
          [
            1,
            0,
            0
          ],
          [
            1,
            0,
            0
          ]
        ],
        "Gram_denominator_squared": 9,
        "nonzero_singular_square": "1/3",
        "Gram_rank": 1,
        "support_rank": 6,
        "physical_support_trace": "2/9",
        "generated_algebra_dimension": 7,
        "central_physical_weights": [
          "2/27",
          "2/27",
          "2/27",
          "7/9"
        ],
        "embedding": [
          0,
          1,
          2
        ],
        "relative_trace_fibres": [
          [
            0,
            1,
            2,
            3,
            4,
            5,
            6,
            7,
            8
          ],
          [
            18,
            19,
            20,
            21,
            22,
            23,
            24,
            25,
            26
          ],
          [
            9,
            10,
            11,
            12,
            13,
            14,
            15,
            16,
            17
          ]
        ]
      }
    ],
    "R1": [
      {
        "kappa": "25/16",
        "support_weight": "32/25",
        "complement": "-7/25"
      },
      {
        "kappa": "289/225",
        "support_weight": "450/289",
        "complement": "-161/289"
      },
      {
        "kappa": "10201/9801",
        "support_weight": "19602/10201",
        "complement": "-9401/10201"
      }
    ],
    "R2": {
      "samples": [
        {
          "c": "3/5",
          "s": "4/5",
          "angle_square": "9/25",
          "Born_before": "1",
          "Born_after": "0"
        },
        {
          "c": "4/5",
          "s": "3/5",
          "angle_square": "16/25",
          "Born_before": "1",
          "Born_after": "0"
        },
        {
          "c": "15/17",
          "s": "8/17",
          "angle_square": "225/289",
          "Born_before": "1",
          "Born_after": "0"
        },
        {
          "c": "99/101",
          "s": "20/101",
          "angle_square": "9801/10201",
          "Born_before": "1",
          "Born_after": "0"
        },
        {
          "c": "1",
          "s": "0",
          "angle_square": "1",
          "Born_before": "1",
          "Born_after": "0"
        }
      ],
      "reference_trace": "Tr/2",
      "ordinary_density": "(I+D)/2",
      "reference_density": "I+D"
    },
    "F3": {
      "tower": "F3->F9->F81",
      "kappas": [
        3,
        9,
        27
      ],
      "four_path_norm_squares": [
        1,
        2,
        8,
        16
      ]
    },
    "R3": {
      "squared_coefficients": [
        {
          "01": "4/13",
          "10": "1/13",
          "11": "8/13"
        },
        {
          "001": "8/57",
          "010": "4/19",
          "011": "2/57",
          "100": "8/19",
          "101": "4/57",
          "110": "2/19",
          "111": "1/57"
        }
      ],
      "boundary_exponents": [
        1,
        2,
        4
      ],
      "boundary_squared_coefficients": {
        "001": "4/7",
        "010": "2/7",
        "011": "0",
        "100": "1/7",
        "101": "0",
        "110": "0",
        "111": "0"
      }
    },
    "M1": {
      "state": [
        2,
        2,
        3
      ],
      "midpoint": [
        2,
        2,
        0
      ],
      "final": [
        2,
        2,
        3
      ],
      "uncompressed_return": 1,
      "compressed_return": 0,
      "retained_histories": {
        "success": 0,
        "failure": 1
      },
      "Fourier_overlap": "1/4"
    }
  },
  "scope": "Exact bounded finite tests only; Fourier characters only p=2,3."
}
--- arithmetic_limits_check.py --help (discovering red modes) ---
--- arithmetic_limits_check.py --red (must exit non-zero) ---
[session-close] OK: arithmetic_limits_check.py --red exited non-zero as required.
--- arithmetic_limits_check.py --red-admit-nonuniform (must exit non-zero) ---
[session-close] OK: arithmetic_limits_check.py --red-admit-nonuniform exited non-zero as required.
--- arithmetic_limits_check.py --red-collapse-tangent-algebra (must exit non-zero) ---
[session-close] OK: arithmetic_limits_check.py --red-collapse-tangent-algebra exited non-zero as required.
--- arithmetic_limits_check.py --red-compress-mixed-transition (must exit non-zero) ---
[session-close] OK: arithmetic_limits_check.py --red-compress-mixed-transition exited non-zero as required.
--- arithmetic_limits_check.py --red-coset-label (must exit non-zero) ---
[session-close] OK: arithmetic_limits_check.py --red-coset-label exited non-zero as required.
--- arithmetic_limits_check.py --red-cyclic-only-image (must exit non-zero) ---
[session-close] OK: arithmetic_limits_check.py --red-cyclic-only-image exited non-zero as required.
--- arithmetic_limits_check.py --red-erase-orbit-coherence (must exit non-zero) ---
[session-close] OK: arithmetic_limits_check.py --red-erase-orbit-coherence exited non-zero as required.
--- arithmetic_limits_check.py --red-fourier-scaling (must exit non-zero) ---
[session-close] OK: arithmetic_limits_check.py --red-fourier-scaling exited non-zero as required.
--- arithmetic_limits_check.py --red-fourier-sign (must exit non-zero) ---
[session-close] OK: arithmetic_limits_check.py --red-fourier-sign exited non-zero as required.
--- arithmetic_limits_check.py --red-incomplete-tangent-instrument (must exit non-zero) ---
[session-close] OK: arithmetic_limits_check.py --red-incomplete-tangent-instrument exited non-zero as required.
--- arithmetic_limits_check.py --red-merge-tower-histories (must exit non-zero) ---
[session-close] OK: arithmetic_limits_check.py --red-merge-tower-histories exited non-zero as required.
--- arithmetic_limits_check.py --red-omit-degree-scaling (must exit non-zero) ---
[session-close] OK: arithmetic_limits_check.py --red-omit-degree-scaling exited non-zero as required.
--- arithmetic_limits_check.py --red-omit-normalization (must exit non-zero) ---
[session-close] OK: arithmetic_limits_check.py --red-omit-normalization exited non-zero as required.
--- arithmetic_limits_check.py --red-omit-tangent-normalization (must exit non-zero) ---
[session-close] OK: arithmetic_limits_check.py --red-omit-tangent-normalization exited non-zero as required.
--- arithmetic_limits_check.py --red-omit-tensor-outcome (must exit non-zero) ---
[session-close] OK: arithmetic_limits_check.py --red-omit-tensor-outcome exited non-zero as required.
--- arithmetic_limits_check.py --red-physical-support-rank (must exit non-zero) ---
[session-close] OK: arithmetic_limits_check.py --red-physical-support-rank exited non-zero as required.
--- arithmetic_limits_check.py --red-residual-fourier-reflection (must exit non-zero) ---
[session-close] OK: arithmetic_limits_check.py --red-residual-fourier-reflection exited non-zero as required.
--- arithmetic_limits_check.py --red-tangent-fourier (must exit non-zero) ---
[session-close] OK: arithmetic_limits_check.py --red-tangent-fourier exited non-zero as required.
--- arithmetic_limits_check.py --red-tower-connector-coefficient (must exit non-zero) ---
[session-close] OK: arithmetic_limits_check.py --red-tower-connector-coefficient exited non-zero as required.
--- arithmetic_limits_check.py --red-tower-degree-scaling (must exit non-zero) ---
[session-close] OK: arithmetic_limits_check.py --red-tower-degree-scaling exited non-zero as required.
--- arithmetic_limits_check.py --red-trace-fibre-label (must exit non-zero) ---
[session-close] OK: arithmetic_limits_check.py --red-trace-fibre-label exited non-zero as required.
--- arithmetic_limits_check.py --red-wrong-failure-projector (must exit non-zero) ---
[session-close] OK: arithmetic_limits_check.py --red-wrong-failure-projector exited non-zero as required.
--- arithmetic_limits_check.py --red-wrong-gram-branch (must exit non-zero) ---
[session-close] OK: arithmetic_limits_check.py --red-wrong-gram-branch exited non-zero as required.
--- arithmetic_signed_check.py (green run) ---
S1 F_3^1: {1: [0, 2]}
S1 F_3^2: {1: [0, 2], 2: [2, 4]}
S1 F_3^3: {1: [0, 2], 3: [0, 24]}
S1 F_3^4: {1: [0, 2], 2: [2, 4], 4: [8, 64]}
S1 F_5^1: {1: [0, 4]}
S1 F_5^2: {1: [0, 4], 2: [4, 16]}
PASS S1--S2: exact finite evidence; LIM-SIGNED remains CONJECTURE.
--- arithmetic_signed_check.py --help (discovering red modes) ---
--- arithmetic_signed_check.py --red-order (must exit non-zero) ---
[session-close] OK: arithmetic_signed_check.py --red-order exited non-zero as required.
--- arithmetic_signed_check.py --red-sign (must exit non-zero) ---
[session-close] OK: arithmetic_signed_check.py --red-sign exited non-zero as required.
--- composite_boundary_check.py (green run) ---
{
  "red": null,
  "exact": true,
  "floating_point_tolerance": null,
  "control": {
    "dimensions_n1_to_n4": [
      1,
      2,
      6,
      24
    ],
    "standard_return": "1/4",
    "coherent_return": "1",
    "tagged_return": "1/2"
  },
  "fibres": [
    {
      "p": 2,
      "r": 2,
      "s": 1,
      "n": 2,
      "cube_tuples": 64,
      "orbit_counts": {
        "1": 2,
        "2": 1
      },
      "code_dimension": 4,
      "common_algebra_dimension": 5,
      "preparation": {
        "events": [
          {
            "t": "1",
            "preparation": "0",
            "final_full_identity_dephased": [
              "0",
              "0",
              "0"
            ],
            "full_histories": [
              "1",
              "0",
              "0",
              "0"
            ]
          },
          {
            "t": "6/5",
            "preparation": "1/12",
            "final_full_identity_dephased": [
              "1/12",
              "0",
              "1/24"
            ],
            "full_histories": [
              "5/6",
              "1/12",
              "1/12",
              "0"
            ]
          },
          {
            "t": "3/2",
            "preparation": "1/6",
            "final_full_identity_dephased": [
              "1/6",
              "0",
              "1/12"
            ],
            "full_histories": [
              "2/3",
              "1/6",
              "1/6",
              "0"
            ]
          },
          {
            "t": "2",
            "preparation": "1/4",
            "final_full_identity_dephased": [
              "1/4",
              "0",
              "1/8"
            ],
            "full_histories": [
              "1/2",
              "1/4",
              "1/4",
              "0"
            ]
          }
        ],
        "leading": "1/2",
        "dephased_leading": "1/4"
      },
      "fourier": {
        "compressed_phase_exponents": [
          1
        ],
        "return": "1/4"
      },
      "spectral": {
        "trace_powers_0_through_n": [
          4,
          2,
          4
        ],
        "common_block_traces": [
          2,
          0,
          2
        ],
        "prepared_pure_expectations": [
          1,
          0,
          1
        ],
        "determinant_coefficients": [
          "1",
          "-2",
          "0",
          "2",
          "-1"
        ],
        "implementer_root_multiplicity": 1,
        "channel_root_multiplicity": 2
      }
    },
    {
      "p": 3,
      "r": 2,
      "s": 1,
      "n": 2,
      "cube_tuples": 729,
      "orbit_counts": {
        "1": 3,
        "2": 3
      },
      "code_dimension": 9,
      "common_algebra_dimension": 5,
      "preparation": {
        "events": [
          {
            "t": "1",
            "preparation": "0",
            "final_full_identity_dephased": [
              "0",
              "0",
              "0"
            ],
            "full_histories": [
              "1",
              "0",
              "0",
              "0"
            ]
          },
          {
            "t": "6/5",
            "preparation": "1/12",
            "final_full_identity_dephased": [
              "1/12",
              "0",
              "1/24"
            ],
            "full_histories": [
              "5/6",
              "1/12",
              "1/12",
              "0"
            ]
          },
          {
            "t": "3/2",
            "preparation": "1/6",
            "final_full_identity_dephased": [
              "1/6",
              "0",
              "1/12"
            ],
            "full_histories": [
              "2/3",
              "1/6",
              "1/6",
              "0"
            ]
          },
          {
            "t": "3",
            "preparation": "1/3",
            "final_full_identity_dephased": [
              "1/3",
              "0",
              "1/6"
            ],
            "full_histories": [
              "1/3",
              "1/3",
              "1/3",
              "0"
            ]
          }
        ],
        "leading": "1/2",
        "dephased_leading": "1/4"
      },
      "fourier": {
        "compressed_phase_exponents": [
          0,
          2
        ],
        "return": "1/9"
      },
      "spectral": {
        "trace_powers_0_through_n": [
          9,
          3,
          9
        ],
        "common_block_traces": [
          2,
          0,
          2
        ],
        "prepared_pure_expectations": [
          1,
          0,
          1
        ],
        "determinant_coefficients": [
          "1",
          "-3",
          "0",
          "8",
          "-6",
          "-6",
          "8",
          "0",
          "-3",
          "1"
        ],
        "implementer_root_multiplicity": 1,
        "channel_root_multiplicity": 2
      }
    },
    {
      "p": 2,
      "r": 4,
      "s": 1,
      "n": 4,
      "cube_tuples": 4096,
      "orbit_counts": {
        "1": 2,
        "4": 3,
        "2": 1
      },
      "code_dimension": 16,
      "common_algebra_dimension": 21,
      "preparation": {
        "events": [
          {
            "t": "1",
            "preparation": "0",
            "final_full_identity_dephased": [
              "0",
              "0",
              "0"
            ],
            "full_histories": [
              "1",
              "0",
              "0",
              "0"
            ]
          },
          {
            "t": "6/5",
            "preparation": "11/144",
            "final_full_identity_dephased": [
              "11/144",
              "0",
              "11/576"
            ],
            "full_histories": [
              "25/36",
              "11/48",
              "11/144",
              "0"
            ]
          },
          {
            "t": "3/2",
            "preparation": "5/36",
            "final_full_identity_dephased": [
              "5/36",
              "0",
              "5/144"
            ],
            "full_histories": [
              "4/9",
              "5/12",
              "5/36",
              "0"
            ]
          },
          {
            "t": "2",
            "preparation": "3/16",
            "final_full_identity_dephased": [
              "3/16",
              "0",
              "3/64"
            ],
            "full_histories": [
              "1/4",
              "9/16",
              "3/16",
              "0"
            ]
          }
        ],
        "leading": "1/2",
        "dephased_leading": "1/8"
      },
      "fourier": {
        "compressed_phase_exponents": [
          0,
          1
        ],
        "return": "1/16"
      },
      "spectral": {
        "trace_powers_0_through_n": [
          16,
          2,
          4,
          2,
          16
        ],
        "common_block_traces": [
          4,
          0,
          0,
          0,
          4
        ],
        "prepared_pure_expectations": [
          1,
          0,
          0,
          0,
          1
        ],
        "determinant_coefficients": [
          "1",
          "-2",
          "0",
          "2",
          "-4",
          "6",
          "0",
          "-6",
          "6",
          "-6",
          "0",
          "6",
          "-4",
          "2",
          "0",
          "-2",
          "1"
        ],
        "implementer_root_multiplicity": 1,
        "channel_root_multiplicity": 4
      }
    },
    {
      "p": 2,
      "r": 4,
      "s": 2,
      "n": 2,
      "cube_tuples": 4096,
      "orbit_counts": {
        "1": 4,
        "2": 6
      },
      "code_dimension": 16,
      "common_algebra_dimension": 5,
      "preparation": {
        "events": [
          {
            "t": "1",
            "preparation": "0",
            "final_full_identity_dephased": [
              "0",
              "0",
              "0"
            ],
            "full_histories": [
              "1",
              "0",
              "0",
              "0"
            ]
          },
          {
            "t": "6/5",
            "preparation": "11/72",
            "final_full_identity_dephased": [
              "11/72",
              "0",
              "11/144"
            ],
            "full_histories": [
              "25/36",
              "11/72",
              "11/72",
              "0"
            ]
          },
          {
            "t": "3/2",
            "preparation": "5/18",
            "final_full_identity_dephased": [
              "5/18",
              "0",
              "5/36"
            ],
            "full_histories": [
              "4/9",
              "5/18",
              "5/18",
              "0"
            ]
          },
          {
            "t": "2",
            "preparation": "3/8",
            "final_full_identity_dephased": [
              "3/8",
              "0",
              "3/16"
            ],
            "full_histories": [
              "1/4",
              "3/8",
              "3/8",
              "0"
            ]
          }
        ],
        "leading": "1",
        "dephased_leading": "1/2"
      },
      "fourier": {
        "compressed_phase_exponents": [
          0,
          1
        ],
        "return": "1/16"
      },
      "spectral": {
        "trace_powers_0_through_n": [
          16,
          4,
          16
        ],
        "common_block_traces": [
          2,
          0,
          2
        ],
        "prepared_pure_expectations": [
          1,
          0,
          1
        ],
        "determinant_coefficients": [
          "1",
          "-4",
          "0",
          "20",
          "-20",
          "-36",
          "64",
          "20",
          "-90",
          "20",
          "64",
          "-36",
          "-20",
          "20",
          "0",
          "-4",
          "1"
        ],
        "implementer_root_multiplicity": 1,
        "channel_root_multiplicity": 2
      }
    },
    {
      "p": 3,
      "r": 3,
      "s": 1,
      "n": 3,
      "cube_tuples": 19683,
      "orbit_counts": {
        "1": 3,
        "3": 8
      },
      "code_dimension": 27,
      "common_algebra_dimension": 10,
      "preparation": {
        "events": [
          {
            "t": "1",
            "preparation": "0",
            "final_full_identity_dephased": [
              "0",
              "0",
              "0"
            ],
            "full_histories": [
              "1",
              "0",
              "0",
              "0"
            ]
          },
          {
            "t": "6/5",
            "preparation": "11/108",
            "final_full_identity_dephased": [
              "11/108",
              "0",
              "11/324"
            ],
            "full_histories": [
              "25/36",
              "11/54",
              "11/108",
              "0"
            ]
          },
          {
            "t": "3/2",
            "preparation": "5/27",
            "final_full_identity_dephased": [
              "5/27",
              "0",
              "5/81"
            ],
            "full_histories": [
              "4/9",
              "10/27",
              "5/27",
              "0"
            ]
          },
          {
            "t": "3",
            "preparation": "8/27",
            "final_full_identity_dephased": [
              "8/27",
              "0",
              "8/81"
            ],
            "full_histories": [
              "1/9",
              "16/27",
              "8/27",
              "0"
            ]
          }
        ],
        "leading": "2/3",
        "dephased_leading": "2/9"
      },
      "fourier": {
        "compressed_phase_exponents": [
          0,
          1,
          2
        ],
        "return": "1/27"
      },
      "spectral": {
        "trace_powers_0_through_n": [
          27,
          3,
          3,
          27
        ],
        "common_block_traces": [
          3,
          0,
          0,
          3
        ],
        "prepared_pure_expectations": [
          1,
          0,
          0,
          1
        ],
        "determinant_coefficients": [
          "1",
          "-3",
          "3",
          "-9",
          "24",
          "-24",
          "36",
          "-84",
          "84",
          "-84",
          "168",
          "-168",
          "126",
          "-210",
          "210",
          "-126",
          "168",
          "-168",
          "84",
          "-84",
          "84",
          "-36",
          "24",
          "-24",
          "9",
          "-3",
          "3",
          "-1"
        ],
        "implementer_root_multiplicity": 1,
        "channel_root_multiplicity": 3
      }
    },
    {
      "p": 2,
      "r": 3,
      "s": 1,
      "n": 3,
      "cube_tuples": 512,
      "orbit_counts": {
        "1": 2,
        "3": 2
      },
      "code_dimension": 8,
      "common_algebra_dimension": 10,
      "preparation": {
        "events": [
          {
            "t": "1",
            "preparation": "0",
            "final_full_identity_dephased": [
              "0",
              "0",
              "0"
            ],
            "full_histories": [
              "1",
              "0",
              "0",
              "0"
            ]
          },
          {
            "t": "6/5",
            "preparation": "11/108",
            "final_full_identity_dephased": [
              "11/108",
              "0",
              "11/324"
            ],
            "full_histories": [
              "25/36",
              "11/54",
              "11/108",
              "0"
            ]
          },
          {
            "t": "3/2",
            "preparation": "5/27",
            "final_full_identity_dephased": [
              "5/27",
              "0",
              "5/81"
            ],
            "full_histories": [
              "4/9",
              "10/27",
              "5/27",
              "0"
            ]
          },
          {
            "t": "2",
            "preparation": "1/4",
            "final_full_identity_dephased": [
              "1/4",
              "0",
              "1/12"
            ],
            "full_histories": [
              "1/4",
              "1/2",
              "1/4",
              "0"
            ]
          }
        ],
        "leading": "2/3",
        "dephased_leading": "2/9"
      },
      "fourier": {
        "compressed_phase_exponents": [
          0,
          1
        ],
        "return": "1/8"
      },
      "spectral": {
        "trace_powers_0_through_n": [
          8,
          2,
          2,
          8
        ],
        "common_block_traces": [
          3,
          0,
          0,
          3
        ],
        "prepared_pure_expectations": [
          1,
          0,
          0,
          1
        ],
        "determinant_coefficients": [
          "1",
          "-2",
          "1",
          "-2",
          "4",
          "-2",
          "1",
          "-2",
          "1"
        ],
        "implementer_root_multiplicity": 1,
        "channel_root_multiplicity": 3
      }
    }
  ],
  "comparisons": {
    "embeddings": [
      {
        "p": 2,
        "degrees": [
          1,
          2
        ],
        "embedding_index": 0,
        "generator_images": [
          0,
          1
        ],
        "trace_fibre_size": 2,
        "relative_base_degrees_tested": [
          1
        ]
      },
      {
        "p": 2,
        "degrees": [
          1,
          4
        ],
        "embedding_index": 0,
        "generator_images": [
          0,
          1
        ],
        "trace_fibre_size": 8,
        "relative_base_degrees_tested": [
          1
        ]
      },
      {
        "p": 2,
        "degrees": [
          2,
          4
        ],
        "embedding_index": 0,
        "generator_images": [
          0,
          1,
          6,
          7
        ],
        "trace_fibre_size": 4,
        "relative_base_degrees_tested": [
          1,
          2
        ]
      },
      {
        "p": 2,
        "degrees": [
          2,
          4
        ],
        "embedding_index": 1,
        "generator_images": [
          0,
          1,
          7,
          6
        ],
        "trace_fibre_size": 4,
        "relative_base_degrees_tested": [
          1,
          2
        ]
      },
      {
        "p": 3,
        "degrees": [
          1,
          2
        ],
        "embedding_index": 0,
        "generator_images": [
          0,
          1,
          2
        ],
        "trace_fibre_size": 3,
        "relative_base_degrees_tested": [
          1
        ]
      },
      {
        "p": 3,
        "degrees": [
          1,
          3
        ],
        "embedding_index": 0,
        "generator_images": [
          0,
          1,
          2
        ],
        "trace_fibre_size": 9,
        "relative_base_degrees_tested": [
          1
        ]
      }
    ],
    "twisted_tower_paths": 8
  },
  "status": "PASS",
  "checks": {
    "C1": 14057,
    "C2": 58577,
    "C3": 2208,
    "C4": 354,
    "C5": 18,
    "C6": 50,
    "C7": 946,
    "C8": 248,
    "C9": 126
  }
}
--- composite_boundary_check.py --help (discovering red modes) ---
--- composite_boundary_check.py --red (must exit non-zero) ---
[session-close] OK: composite_boundary_check.py --red exited non-zero as required.
--- composite_boundary_check.py --red-channel-spectrum (must exit non-zero) ---
[session-close] OK: composite_boundary_check.py --red-channel-spectrum exited non-zero as required.
--- composite_boundary_check.py --red-collective (must exit non-zero) ---
[session-close] OK: composite_boundary_check.py --red-collective exited non-zero as required.
--- composite_boundary_check.py --red-dephase (must exit non-zero) ---
[session-close] OK: composite_boundary_check.py --red-dephase exited non-zero as required.
--- composite_boundary_check.py --red-diagonal-action (must exit non-zero) ---
[session-close] OK: composite_boundary_check.py --red-diagonal-action exited non-zero as required.
--- composite_boundary_check.py --red-diagonal-relative (must exit non-zero) ---
[session-close] OK: composite_boundary_check.py --red-diagonal-relative exited non-zero as required.
--- composite_boundary_check.py --red-drop-grade (must exit non-zero) ---
[session-close] OK: composite_boundary_check.py --red-drop-grade exited non-zero as required.
--- composite_boundary_check.py --red-embedding (must exit non-zero) ---
[session-close] OK: composite_boundary_check.py --red-embedding exited non-zero as required.
--- composite_boundary_check.py --red-fourier-outcome (must exit non-zero) ---
[session-close] OK: composite_boundary_check.py --red-fourier-outcome exited non-zero as required.
--- composite_boundary_check.py --red-fourier-phase (must exit non-zero) ---
[session-close] OK: composite_boundary_check.py --red-fourier-phase exited non-zero as required.
--- composite_boundary_check.py --red-identity (must exit non-zero) ---
[session-close] OK: composite_boundary_check.py --red-identity exited non-zero as required.
--- composite_boundary_check.py --red-multiplicity (must exit non-zero) ---
[session-close] OK: composite_boundary_check.py --red-multiplicity exited non-zero as required.
--- composite_boundary_check.py --red-normalizer (must exit non-zero) ---
[session-close] OK: composite_boundary_check.py --red-normalizer exited non-zero as required.
--- composite_boundary_check.py --red-off-diagonal (must exit non-zero) ---
[session-close] OK: composite_boundary_check.py --red-off-diagonal exited non-zero as required.
--- composite_boundary_check.py --red-omit-invariant (must exit non-zero) ---
[session-close] OK: composite_boundary_check.py --red-omit-invariant exited non-zero as required.
--- composite_boundary_check.py --red-omit-outcome (must exit non-zero) ---
[session-close] OK: composite_boundary_check.py --red-omit-outcome exited non-zero as required.
--- composite_boundary_check.py --red-product (must exit non-zero) ---
[session-close] OK: composite_boundary_check.py --red-product exited non-zero as required.
--- composite_boundary_check.py --red-reset-reference (must exit non-zero) ---
[session-close] OK: composite_boundary_check.py --red-reset-reference exited non-zero as required.
--- composite_boundary_check.py --red-separate-descent (must exit non-zero) ---
[session-close] OK: composite_boundary_check.py --red-separate-descent exited non-zero as required.
--- composite_boundary_check.py --red-wrong-sector (must exit non-zero) ---
[session-close] OK: composite_boundary_check.py --red-wrong-sector exited non-zero as required.
--- f1_check.py (green run) ---
M1 PASS: exact Heisenberg multiplication on 9 configuration/phase pairs
M2 PASS: trivial phase radical on the declared examples
M3 PASS: exact Weyl trace Gram matrices, including N=4 and N=6
M4 PASS: five local rings recover D8/D16, with named generating characters
M5 PASS: raw central kernel retained (F4: order 64 maps onto order 32)
M6 PASS: tensor comparison at common phase level N=6
M7 PASS: Fourier kernel is orthogonal and has full column support
M8 PASS: Hall coefficients from counted subsets and divided-power normalization
M9 PASS: polynomial CCR; finite truncation has a compensating top-state defect
M10 PASS: signed Heisenberg crowd: 27 points, 319 triples
M10 PASS: Krasner Heisenberg crowd: 8 points, 152 triples
M11 PASS: phase level 1: frame qubit 3 rays; composite 15, product 9, nonproduct 6
M11 PASS: phase level 2: frame qubit 4 rays; composite 40, product 16, nonproduct 24
M11 PASS: phase level 3: frame qubit 5 rays; composite 85, product 25, nonproduct 60
M11 PASS: phase level 4: frame qubit 6 rays; composite 156, product 36, nonproduct 120
M12 PASS: D8: sigma tensor square = four characters; FS=1
M12 PASS: Q8: sigma tensor square = four characters; FS=-1
M13 PASS: normal pointed maps contain every matrix unit at ranks 2,3,4
ALL F1 EXAMPLE GATES PASSED (exact; no general theorem inferred)
--- f1_check.py --help (discovering red modes) ---
--- f1_check.py --red-basis (must exit non-zero) ---
[session-close] OK: f1_check.py --red-basis exited non-zero as required.
--- f1_check.py --red-ccr (must exit non-zero) ---
[session-close] OK: f1_check.py --red-ccr exited non-zero as required.
--- f1_check.py --red-cocycle (must exit non-zero) ---
[session-close] OK: f1_check.py --red-cocycle exited non-zero as required.
--- f1_check.py --red-crowd (must exit non-zero) ---
[session-close] OK: f1_check.py --red-crowd exited non-zero as required.
--- f1_check.py --red-fourier (must exit non-zero) ---
[session-close] OK: f1_check.py --red-fourier exited non-zero as required.
--- f1_check.py --red-frame (must exit non-zero) ---
[session-close] OK: f1_check.py --red-frame exited non-zero as required.
--- f1_check.py --red-fusion (must exit non-zero) ---
[session-close] OK: f1_check.py --red-fusion exited non-zero as required.
--- f1_check.py --red-hall (must exit non-zero) ---
[session-close] OK: f1_check.py --red-hall exited non-zero as required.
--- f1_check.py --red-kernel (must exit non-zero) ---
[session-close] OK: f1_check.py --red-kernel exited non-zero as required.
--- f1_check.py --red-normal (must exit non-zero) ---
[session-close] OK: f1_check.py --red-normal exited non-zero as required.
--- f1_check.py --red-order (must exit non-zero) ---
[session-close] OK: f1_check.py --red-order exited non-zero as required.
--- f1_check.py --red-pairing (must exit non-zero) ---
[session-close] OK: f1_check.py --red-pairing exited non-zero as required.
--- f1_check.py --red-tensor (must exit non-zero) ---
[session-close] OK: f1_check.py --red-tensor exited non-zero as required.
--- f1_limit_bridge_check.py (green run) ---
MODE: green
B3 PASS: 5063 exact probes
B5 PASS: 807 exact probes
B6 PASS: 831 exact probes
ALL BRIDGE EXAMPLES PASSED (finite exact probes)
--- f1_limit_bridge_check.py --help (discovering red modes) ---
--- f1_limit_bridge_check.py --red-dual-reversal (must exit non-zero) ---
[session-close] OK: f1_limit_bridge_check.py --red-dual-reversal exited non-zero as required.
--- f1_limit_bridge_check.py --red-fourier (must exit non-zero) ---
[session-close] OK: f1_limit_bridge_check.py --red-fourier exited non-zero as required.
--- f1_limit_bridge_check.py --red-shuffle (must exit non-zero) ---
[session-close] OK: f1_limit_bridge_check.py --red-shuffle exited non-zero as required.
--- f1_limit_bridge_check.py --red-thin-block (must exit non-zero) ---
[session-close] OK: f1_limit_bridge_check.py --red-thin-block exited non-zero as required.
--- f1_limit_bridge_check.py --red-typec-scale (must exit non-zero) ---
[session-close] OK: f1_limit_bridge_check.py --red-typec-scale exited non-zero as required.
--- f1_limit_check.py (green run) ---
MODE: green
protocol q=1: success=2/3, return=1/4, joint=1/6
protocol q=101/100: success=20301/30301, return=408080401/1632240801, joint=41216120501/246062330901
protocol q=11/10: success=231/331, return=48841/194481, joint=537251/3065391
protocol q=3/2: success=15/19, return=169/625, joint=507/2375
protocol q=2: success=6/7, return=25/81, joint=50/189
protocol q=3: success=12/13, return=25/64, joint=75/208
L1 PASS: 160 exact probes
L2 PASS: 6 exact probes
L3 PASS: 12 exact probes
L4 PASS: 42 exact probes
L5 PASS: 19 exact probes
L6 PASS: 6 exact probes
L7 PASS: 6 exact probes
L8 PASS: 164 exact probes
L9 PASS: 15 exact probes
L10 PASS: 49 exact probes
L11 PASS: 22 exact probes
L12 PASS: 190 exact probes
L13 PASS: 175 exact probes
L14 PASS: 39 exact probes
ALL CATEGORICAL LIMIT EXAMPLES PASSED (finite exact probes)
--- f1_limit_check.py --help (discovering red modes) ---
--- f1_limit_check.py --red- (must exit non-zero) ---
[session-close] OK: f1_limit_check.py --red- exited non-zero as required.
--- f1_limit_check.py --red-ancilla (must exit non-zero) ---
[session-close] OK: f1_limit_check.py --red-ancilla exited non-zero as required.
--- f1_limit_check.py --red-braid (must exit non-zero) ---
[session-close] OK: f1_limit_check.py --red-braid exited non-zero as required.
--- f1_limit_check.py --red-collective-identity (must exit non-zero) ---
[session-close] OK: f1_limit_check.py --red-collective-identity exited non-zero as required.
--- f1_limit_check.py --red-context (must exit non-zero) ---
[session-close] OK: f1_limit_check.py --red-context exited non-zero as required.
--- f1_limit_check.py --red-corner-ratio (must exit non-zero) ---
[session-close] OK: f1_limit_check.py --red-corner-ratio exited non-zero as required.
--- f1_limit_check.py --red-cycle (must exit non-zero) ---
[session-close] OK: f1_limit_check.py --red-cycle exited non-zero as required.
--- f1_limit_check.py --red-density (must exit non-zero) ---
[session-close] OK: f1_limit_check.py --red-density exited non-zero as required.
--- f1_limit_check.py --red-descent (must exit non-zero) ---
[session-close] OK: f1_limit_check.py --red-descent exited non-zero as required.
--- f1_limit_check.py --red-null-weight (must exit non-zero) ---
[session-close] OK: f1_limit_check.py --red-null-weight exited non-zero as required.
--- f1_limit_check.py --red-outcome (must exit non-zero) ---
[session-close] OK: f1_limit_check.py --red-outcome exited non-zero as required.
--- f1_limit_check.py --red-polar (must exit non-zero) ---
[session-close] OK: f1_limit_check.py --red-polar exited non-zero as required.
--- f1_limit_check.py --red-postselection (must exit non-zero) ---
[session-close] OK: f1_limit_check.py --red-postselection exited non-zero as required.
--- f1_limit_check.py --red-reference-trace (must exit non-zero) ---
[session-close] OK: f1_limit_check.py --red-reference-trace exited non-zero as required.
--- f1_limit_check.py --red-valency (must exit non-zero) ---
[session-close] OK: f1_limit_check.py --red-valency exited non-zero as required.
--- f1_limit_karoubi_check.py (green run) ---
K1 PASS: 4 exact probes
K2 PASS: 3 exact probes
K3 PASS: 10 exact probes
K4 PASS: 3 exact probes
K5 PASS: 3 exact probes
K6 PASS: 3 exact probes
ALL KAROUBI EXAMPLES PASSED (finite exact probes only)
--- f1_limit_karoubi_check.py --help (discovering red modes) ---
--- f1_limit_karoubi_check.py --red-classical (must exit non-zero) ---
[session-close] OK: f1_limit_karoubi_check.py --red-classical exited non-zero as required.
--- f1_limit_karoubi_check.py --red-cutoff (must exit non-zero) ---
[session-close] OK: f1_limit_karoubi_check.py --red-cutoff exited non-zero as required.
--- f1_limit_karoubi_check.py --red-density-ratio (must exit non-zero) ---
[session-close] OK: f1_limit_karoubi_check.py --red-density-ratio exited non-zero as required.
--- f1_limit_karoubi_check.py --red-grading (must exit non-zero) ---
[session-close] OK: f1_limit_karoubi_check.py --red-grading exited non-zero as required.
--- f1_limit_karoubi_check.py --red-gram (must exit non-zero) ---
[session-close] OK: f1_limit_karoubi_check.py --red-gram exited non-zero as required.
--- f1_limit_karoubi_check.py --red-normalization (must exit non-zero) ---
[session-close] OK: f1_limit_karoubi_check.py --red-normalization exited non-zero as required.
--- f1_limit_mirabolic_check.py (green run) ---
MODE: green
B1 PASS: 2480 exact probes
B2 PASS: 38 exact probes
B4 PASS: 184 exact probes
B7 PASS: 244 exact probes
ALL AFFINE AND MIRABOLIC PROBES PASSED
--- f1_limit_mirabolic_check.py --help (discovering red modes) ---
--- f1_limit_mirabolic_check.py --red-affine-dec (must exit non-zero) ---
[session-close] OK: f1_limit_mirabolic_check.py --red-affine-dec exited non-zero as required.
--- f1_limit_mirabolic_check.py --red-mir-expect (must exit non-zero) ---
[session-close] OK: f1_limit_mirabolic_check.py --red-mir-expect exited non-zero as required.
--- f1_limit_mirabolic_check.py --red-mir-kernel (must exit non-zero) ---
[session-close] OK: f1_limit_mirabolic_check.py --red-mir-kernel exited non-zero as required.
--- f1_limit_mirabolic_check.py --red-mir-line (must exit non-zero) ---
[session-close] OK: f1_limit_mirabolic_check.py --red-mir-line exited non-zero as required.
--- f1_limit_module_check.py (green run) ---
MODE: green
marked1 + Hecke2 over F2: 168 flag-vector basis states, image dimension4
marked1 + Hecke2 over F3: 1404 flag-vector basis states, image dimension4
M1 PASS: 54 exact probes
M2 PASS: 1044 exact probes
M3 PASS: 18 exact probes
ALL MARKED-REGISTER MODULE PROBES PASSED
--- f1_limit_module_check.py --help (discovering red modes) ---
--- f1_limit_module_check.py --red-module-expect (must exit non-zero) ---
[session-close] OK: f1_limit_module_check.py --red-module-expect exited non-zero as required.
--- f1_limit_module_check.py --red-module-marker (must exit non-zero) ---
[session-close] OK: f1_limit_module_check.py --red-module-marker exited non-zero as required.
--- f1_limit_module_check.py --red-module-shift (must exit non-zero) ---
[session-close] OK: f1_limit_module_check.py --red-module-shift exited non-zero as required.
--- f1_limit_wiring_check.py (green run) ---
MODE: green
W1 PASS: 8 exact probes
W2 PASS: 9 exact probes
W3 PASS: 3 exact probes
W4 PASS: 3 exact probes
W5 PASS: 14 exact probes
ALL CLASSICAL WIRING AND INSTRUMENT PROBES PASSED
--- f1_limit_wiring_check.py --help (discovering red modes) ---
--- f1_limit_wiring_check.py --red-backaction (must exit non-zero) ---
[session-close] OK: f1_limit_wiring_check.py --red-backaction exited non-zero as required.
--- f1_limit_wiring_check.py --red-classical-trace (must exit non-zero) ---
[session-close] OK: f1_limit_wiring_check.py --red-classical-trace exited non-zero as required.
--- f1_limit_wiring_check.py --red-history (must exit non-zero) ---
[session-close] OK: f1_limit_wiring_check.py --red-history exited non-zero as required.
--- f1_limit_wiring_check.py --red-parallel-route (must exit non-zero) ---
[session-close] OK: f1_limit_wiring_check.py --red-parallel-route exited non-zero as required.
--- f1_limit_wiring_check.py --red-sequential-route (must exit non-zero) ---
[session-close] OK: f1_limit_wiring_check.py --red-sequential-route exited non-zero as required.
--- f1_operational_check.py (green run) ---
MODE: green
H1 evaluated: exact Hecke/star/associativity identities, q=1,2,3,5,1/2; n≤4
H2 evaluated: positive canonical Gram form, all basis pairs
H3 evaluated: block inclusions, trace/bimodule expectation and 2x2 positivity probes
q=1: overlap=1/4, after locally invisible unitary=1/4
q=2: overlap=2/9, after locally invisible unitary=25/81
q=3: overlap=3/16, after locally invisible unitary=25/64
q=5: overlap=5/36, after locally invisible unitary=169/324
q=1/2: overlap=2/9, after locally invisible unitary=25/81
H4 evaluated: central dimensions 1,1,4 and intrinsic parameter overlaps
H5 evaluated: isolated CP identity becomes a measurable collective operation
H6 evaluated: unitarized generators braid only at q=1 in this positive sample
H10 evaluated: TL quotient distinguished from canonical flag-trace theory
H7 evaluated: q=1 arbitrary injections compose, including noncontiguous subsystems
H8 evaluated: Kraus normalization, scalar-isometry equivalence and parallel contextual extension
H9 evaluated: independent F2^3 flags (21 flags), adjacency and normalized trace
H9 evaluated: independent F3^3 flags (52 flags), adjacency and normalized trace
H11 evaluated: n=2, q=1: sharp ambient size 3, Born gap 1/2
H11 evaluated: n=3, q=1: sharp ambient size 5, Born gap 1/18
H11 evaluated: n=2, q=2: sharp ambient size 3, Born gap 2/9
H11 evaluated: n=3, q=2: sharp ambient size 5, Born gap 1/441
H12 evaluated: normal F1 maps realize as CP reset/restriction/extension; composition, dagger and block naturality
H13 evaluated: positive parabolic corners, normalized identities, refinement and tensor concatenation
H14 evaluated: six-constituent Bell state, exact normalization/marginal and Pauli correlations
H1 PASS: 4210 exact probes in the acceptance conjunction
H2 PASS: 3095 exact probes in the acceptance conjunction
H3 PASS: 1296 exact probes in the acceptance conjunction
H4 PASS: 40 exact probes in the acceptance conjunction
H5 PASS: 20 exact probes in the acceptance conjunction
H6 PASS: 5 exact probes in the acceptance conjunction
H7 PASS: 582 exact probes in the acceptance conjunction
H8 PASS: 14 exact probes in the acceptance conjunction
H9 PASS: 96 exact probes in the acceptance conjunction
H10 PASS: 10 exact probes in the acceptance conjunction
H11 PASS: 164 exact probes in the acceptance conjunction
H12 PASS: 17590 exact probes in the acceptance conjunction
H13 PASS: 132 exact probes in the acceptance conjunction
H14 PASS: 7 exact probes in the acceptance conjunction
ALL OPERATIONAL EXAMPLE GATES PASSED (exact; no general theorem inferred)
--- f1_operational_check.py --help (discovering red modes) ---
--- f1_operational_check.py --red-amplified (must exit non-zero) ---
[session-close] OK: f1_operational_check.py --red-amplified exited non-zero as required.
--- f1_operational_check.py --red-apartment (must exit non-zero) ---
[session-close] OK: f1_operational_check.py --red-apartment exited non-zero as required.
--- f1_operational_check.py --red-bell-sign (must exit non-zero) ---
[session-close] OK: f1_operational_check.py --red-bell-sign exited non-zero as required.
--- f1_operational_check.py --red-context-lower (must exit non-zero) ---
[session-close] OK: f1_operational_check.py --red-context-lower exited non-zero as required.
--- f1_operational_check.py --red-context-size (must exit non-zero) ---
[session-close] OK: f1_operational_check.py --red-context-size exited non-zero as required.
--- f1_operational_check.py --red-corner-trace (must exit non-zero) ---
[session-close] OK: f1_operational_check.py --red-corner-trace exited non-zero as required.
--- f1_operational_check.py --red-density-norm (must exit non-zero) ---
[session-close] OK: f1_operational_check.py --red-density-norm exited non-zero as required.
--- f1_operational_check.py --red-expectation (must exit non-zero) ---
[session-close] OK: f1_operational_check.py --red-expectation exited non-zero as required.
--- f1_operational_check.py --red-flag (must exit non-zero) ---
[session-close] OK: f1_operational_check.py --red-flag exited non-zero as required.
--- f1_operational_check.py --red-incidence (must exit non-zero) ---
[session-close] OK: f1_operational_check.py --red-incidence exited non-zero as required.
--- f1_operational_check.py --red-injection (must exit non-zero) ---
[session-close] OK: f1_operational_check.py --red-injection exited non-zero as required.
--- f1_operational_check.py --red-kraus (must exit non-zero) ---
[session-close] OK: f1_operational_check.py --red-kraus exited non-zero as required.
--- f1_operational_check.py --red-kraus-mix (must exit non-zero) ---
[session-close] OK: f1_operational_check.py --red-kraus-mix exited non-zero as required.
--- f1_operational_check.py --red-local-collapse (must exit non-zero) ---
[session-close] OK: f1_operational_check.py --red-local-collapse exited non-zero as required.
--- f1_operational_check.py --red-overlap (must exit non-zero) ---
[session-close] OK: f1_operational_check.py --red-overlap exited non-zero as required.
--- f1_operational_check.py --red-partial-comp (must exit non-zero) ---
[session-close] OK: f1_operational_check.py --red-partial-comp exited non-zero as required.
--- f1_operational_check.py --red-partial-dagger (must exit non-zero) ---
[session-close] OK: f1_operational_check.py --red-partial-dagger exited non-zero as required.
--- f1_operational_check.py --red-partial-lax (must exit non-zero) ---
[session-close] OK: f1_operational_check.py --red-partial-lax exited non-zero as required.
--- f1_operational_check.py --red-partial-zero (must exit non-zero) ---
[session-close] OK: f1_operational_check.py --red-partial-zero exited non-zero as required.
--- f1_operational_check.py --red-positive-domain (must exit non-zero) ---
[session-close] OK: f1_operational_check.py --red-positive-domain exited non-zero as required.
--- f1_operational_check.py --red-product (must exit non-zero) ---
[session-close] OK: f1_operational_check.py --red-product exited non-zero as required.
--- f1_operational_check.py --red-refinement (must exit non-zero) ---
[session-close] OK: f1_operational_check.py --red-refinement exited non-zero as required.
--- f1_operational_check.py --red-tl-trace (must exit non-zero) ---
[session-close] OK: f1_operational_check.py --red-tl-trace exited non-zero as required.
--- f1_operational_check.py --red-trace (must exit non-zero) ---
[session-close] OK: f1_operational_check.py --red-trace exited non-zero as required.
--- f1_operational_check.py --red-unitary-braid (must exit non-zero) ---
[session-close] OK: f1_operational_check.py --red-unitary-braid exited non-zero as required.
--- fcr2_beta_check.py (green run) ---
fcr2_beta_check mode=green
exact arithmetic: explicit ring tables; integers and Z[zeta_8] vectors; no floats/tolerances
A0-CYC PASS Z[zeta_8]=Z[x]/(x^4+1); zeta_8 has exact order 8
seed=F2                       A0-RING PASS explicit 2x2 tables satisfy the commutative local-ring axioms
seed=F2                       G1 PASS all 8 beta: admission and corrected polarization on 16 pairs each
seed=F2                       G2 PASS all 8 beta x 8 H-elements: (t,v)^2=(2t+Q(v),2v)
seed=F2                       G3 PASS FULL ORBIT CLASSES: centre-fixed=2 sizes=[6, 2]; abstract=2 sizes=[6, 2]; exhaustive F2-linear pseudo-isometries: centre=6, abstract=6; order/power/centre-quotient invariants constant on every type
seed=F2                       G4 PASS all 8 beta x 1 generating psi exact; value sets (1,):['+1', '-1']; reference centre-class constancy=True, separates=True
seed=F2                       G5 PASS F2: cocycle classes=[6, 2] = q times form classes [3,1]; #{Q=0}={1,3}; epsilon={-1,+1}; profiles=[{1: 1, 2: 5, 4: 2}, {1: 1, 2: 1, 4: 6}]
seed=F2                       G6 PASS N/A: trace-Gram/model gate is registered at the four thickened Frobenius seeds
seed=F2                       G7 PASS 2 noninvertible; full 8-member Adm census has no antisymmetric member
seed=F2                       G8 PASS N/A: designated non-Frobenius probe only
seed=F4                       A0-RING PASS explicit 4x4 tables satisfy the commutative local-ring axioms
seed=F4                       G1 PASS all 64 beta: admission and corrected polarization on 256 pairs each
seed=F4                       G2 PASS all 64 beta x 64 H-elements: (t,v)^2=(2t+Q(v),2v)
seed=F4                       G3 PASS FULL ORBIT CLASSES: centre-fixed=2 sizes=[40, 24]; abstract=2 sizes=[40, 24]; exhaustive F2-linear pseudo-isometries: centre=60, abstract=360; order/power/centre-quotient invariants constant on every type
seed=F4                       G4 PASS all 64 beta x 3 generating psi exact; value sets (0, 1):['+1', '-1']; (1, 0):['+1', '-1']; (1, 1):['+1', '-1']; reference centre-class constancy=True, separates=True
seed=F4                       G5 PASS F4: cocycle classes=[40, 24] = q times form classes [10,6]; #{Q=0}={1,7}; epsilon={-1,+1}; profiles=[{1: 1, 2: 27, 4: 36}, {1: 1, 2: 3, 4: 60}]
seed=F4                       G6 PASS N/A: trace-Gram/model gate is registered at the four thickened Frobenius seeds
seed=F4                       G7 PASS 2 noninvertible; full 64-member Adm census has no antisymmetric member
seed=F4                       G8 PASS N/A: designated non-Frobenius probe only
seed=Z4                       A0-RING PASS explicit 4x4 tables satisfy the commutative local-ring axioms
seed=Z4                       G1 PASS all 64 beta: admission and corrected polarization on 256 pairs each
seed=Z4                       G2 PASS all 64 beta x 64 H-elements: (t,v)^2=(2t+Q(v),2v)
seed=Z4                       G3 PASS FULL ORBIT CLASSES: centre-fixed=2 sizes=[48, 16]; abstract=2 sizes=[48, 16]; exhaustive generator-presentation images: centre=192, abstract=384; order/power/centre-quotient invariants constant on every type
seed=Z4                       G4 PASS all 64 beta x 2 generating psi exact; value sets (1,):['zeta8^0']; (3,):['zeta8^0']; reference centre-class constancy=True, separates=False
seed=Z4                       G5 PASS N/A: field regression is registered only at F2 and F4
seed=Z4                       G6 PASS beta0 model exact for every 2 generating psi; 16x16 trace-Gram is |R| I over Z[zeta_8], hence rank |R|^2 and scalar commutant
seed=Z4                       G7 PASS 2 noninvertible; full 64-member Adm census has no antisymmetric member
seed=Z4                       G8 PASS N/A: designated non-Frobenius probe only
seed=F2[e]/e2                 A0-RING PASS explicit 4x4 tables satisfy the commutative local-ring axioms
seed=F2[e]/e2                 G1 PASS all 64 beta: admission and corrected polarization on 256 pairs each
seed=F2[e]/e2                 G2 PASS all 64 beta x 64 H-elements: (t,v)^2=(2t+Q(v),2v)
seed=F2[e]/e2                 G3 PASS FULL ORBIT CLASSES: centre-fixed=2 sizes=[48, 16]; abstract=2 sizes=[48, 16]; exhaustive F2-linear pseudo-isometries: centre=48, abstract=96; order/power/centre-quotient invariants constant on every type
seed=F2[e]/e2                 G4 PASS all 64 beta x 2 generating psi exact; value sets (0, 1):['+1']; (1, 1):['+1']; reference centre-class constancy=True, separates=False
seed=F2[e]/e2                 G5 PASS N/A: field regression is registered only at F2 and F4
seed=F2[e]/e2                 G6 PASS beta0 model exact for every 2 generating psi; 16x16 trace-Gram is |R| I over Z[zeta_8], hence rank |R|^2 and scalar commutant
seed=F2[e]/e2                 G7 PASS 2 noninvertible; full 64-member Adm census has no antisymmetric member
seed=F2[e]/e2                 G8 PASS N/A: designated non-Frobenius probe only
seed=Z8                       A0-RING PASS explicit 8x8 tables satisfy the commutative local-ring axioms
seed=Z8                       G1 PASS all 512 beta: admission and corrected polarization on 4096 pairs each
seed=Z8                       G2 PASS all 512 beta x 512 H-elements: (t,v)^2=(2t+Q(v),2v)
seed=Z8                       G3 PASS FULL ORBIT CLASSES: centre-fixed=2 sizes=[384, 128]; abstract=2 sizes=[384, 128]; exhaustive generator-presentation images: centre=1536, abstract=6144; order/power/centre-quotient invariants constant on every type
seed=Z8                       G4 PASS all 512 beta x 4 generating psi exact; value sets (1,):['zeta8^0', 'zeta8^4']; (3,):['zeta8^0', 'zeta8^4']; (5,):['zeta8^0', 'zeta8^4']; (7,):['zeta8^0', 'zeta8^4']; reference centre-class constancy=True, separates=True
seed=Z8                       G5 PASS N/A: field regression is registered only at F2 and F4
seed=Z8                       G6 PASS beta0 model exact for every 4 generating psi; 64x64 trace-Gram is |R| I over Z[zeta_8], hence rank |R|^2 and scalar commutant
seed=Z8                       G7 PASS 2 noninvertible; full 512-member Adm census has no antisymmetric member
seed=Z8                       G8 PASS N/A: designated non-Frobenius probe only
seed=F2[t]/t3                 A0-RING PASS explicit 8x8 tables satisfy the commutative local-ring axioms
seed=F2[t]/t3                 G1 PASS all 512 beta: admission and corrected polarization on 4096 pairs each
seed=F2[t]/t3                 G2 PASS all 512 beta x 512 H-elements: (t,v)^2=(2t+Q(v),2v)
seed=F2[t]/t3                 G3 PASS FULL ORBIT CLASSES: centre-fixed=2 sizes=[384, 128]; abstract=2 sizes=[384, 128]; exhaustive F2-linear pseudo-isometries: centre=384, abstract=3072; order/power/centre-quotient invariants constant on every type
seed=F2[t]/t3                 G4 PASS all 512 beta x 4 generating psi exact; value sets (0, 0, 1):['+1', '-1']; (0, 1, 1):['+1', '-1']; (1, 0, 1):['+1', '-1']; (1, 1, 1):['+1', '-1']; reference centre-class constancy=True, separates=True
seed=F2[t]/t3                 G5 PASS N/A: field regression is registered only at F2 and F4
seed=F2[t]/t3                 G6 PASS beta0 model exact for every 4 generating psi; 64x64 trace-Gram is |R| I over Z[zeta_8], hence rank |R|^2 and scalar commutant
seed=F2[t]/t3                 G7 PASS 2 noninvertible; full 512-member Adm census has no antisymmetric member
seed=F2[t]/t3                 G8 PASS N/A: designated non-Frobenius probe only
seed=GR(4,2)                  A0-RING PASS explicit 16x16 tables satisfy the commutative local-ring axioms
seed=GR(4,2)                  G1 PASS deterministic sample 128 beta: admission and corrected polarization on 65536 pairs each
seed=GR(4,2)                  G2 PASS deterministic sample 128 beta x 4096 H-elements: (t,v)^2=(2t+Q(v),2v)
seed=GR(4,2)                  G3 PASS SAMPLED SIGNATURE TYPES: centre-fixed=2 sizes=[89, 39]; abstract=2 sizes=[89, 39]; 128-member deterministic invariant sample (not a complete orbit classification); order/power/centre-quotient invariants constant on every type
seed=GR(4,2)                  G4 PASS all 4096 beta x 12 generating psi exact; value sets (0, 1):['zeta8^0']; (0, 3):['zeta8^0']; (1, 0):['zeta8^0']; (1, 1):['zeta8^0']; (1, 2):['zeta8^0']; (1, 3):['zeta8^0']; (2, 1):['zeta8^0']; (2, 3):['zeta8^0']; (3, 0):['zeta8^0']; (3, 1):['zeta8^0']; (3, 2):['zeta8^0']; (3, 3):['zeta8^0']; reference centre-class constancy=True, separates=False (on G3 sample)
seed=GR(4,2)                  G5 PASS N/A: field regression is registered only at F2 and F4
seed=GR(4,2)                  G6 PASS N/A: trace-Gram/model gate is registered at the four thickened Frobenius seeds
seed=GR(4,2)                  G7 PASS 2 noninvertible; full 4096-member Adm census has no antisymmetric member
seed=GR(4,2)                  G8 PASS N/A: designated non-Frobenius probe only
seed=F2[x,y]/(x,y)^2          A0-RING PASS explicit 8x8 tables satisfy the commutative local-ring axioms
seed=F2[x,y]/(x,y)^2          G1 PASS all 512 beta: admission and corrected polarization on 4096 pairs each
seed=F2[x,y]/(x,y)^2          G2 PASS all 512 beta x 512 H-elements: (t,v)^2=(2t+Q(v),2v)
seed=F2[x,y]/(x,y)^2          G3 PASS FULL ORBIT CLASSES: centre-fixed=2 sizes=[384, 128]; abstract=2 sizes=[384, 128]; exhaustive F2-linear pseudo-isometries: centre=384, abstract=9216; order/power/centre-quotient invariants constant on every type
seed=F2[x,y]/(x,y)^2          G4 PASS N/A: epsilon requires psi in Gen(R), which is empty
seed=F2[x,y]/(x,y)^2          G5 PASS N/A: field regression is registered only at F2 and F4
seed=F2[x,y]/(x,y)^2          G6 PASS N/A: trace-Gram/model gate is registered at the four thickened Frobenius seeds
seed=F2[x,y]/(x,y)^2          G7 PASS 2 noninvertible; full 512-member Adm census has no antisymmetric member
seed=F2[x,y]/(x,y)^2          G8 PASS all 7 nontrivial characters exhausted; Gen=empty; kernel-ideal sizes={2: 6, 4: 1}
---- summary ----
GREEN: G1--G8 passed at every applicable seed; N/A scopes explicit
--- fcr2_beta_check.py --help (discovering red modes) ---
--- fcr2_beta_check.py --red-collapse (must exit non-zero) ---
[session-close] OK: fcr2_beta_check.py --red-collapse exited non-zero as required.
--- fcr2_beta_check.py --red-fake-epsilon (must exit non-zero) ---
[session-close] OK: fcr2_beta_check.py --red-fake-epsilon exited non-zero as required.
--- fcr2_beta_check.py --red-field (must exit non-zero) ---
[session-close] OK: fcr2_beta_check.py --red-field exited non-zero as required.
--- fcr2_beta_check.py --red-frobenius-blind (must exit non-zero) ---
[session-close] OK: fcr2_beta_check.py --red-frobenius-blind exited non-zero as required.
--- fcr2_beta_check.py --red-halfweyl (must exit non-zero) ---
[session-close] OK: fcr2_beta_check.py --red-halfweyl exited non-zero as required.
--- fcr2_beta_check.py --red-model-sign (must exit non-zero) ---
[session-close] OK: fcr2_beta_check.py --red-model-sign exited non-zero as required.
--- fcr2_beta_check.py --red-profile (must exit non-zero) ---
[session-close] OK: fcr2_beta_check.py --red-profile exited non-zero as required.
--- fcr2_beta_check.py --red-square (must exit non-zero) ---
[session-close] OK: fcr2_beta_check.py --red-square exited non-zero as required.
--- fcr2_beta_check.py --red-transpose (must exit non-zero) ---
[session-close] OK: fcr2_beta_check.py --red-transpose exited non-zero as required.
--- fcr_local_check.py (green run) ---
fcr_local_check mode=green
exact arithmetic: explicit ring tables; Z[zeta_d] integer vectors; no floats/tolerances
seed=F3                   A0-CYC PASS Phi_3=x^2+x^1+1; zeta has exact order 3
seed=F3                   A0-RING PASS explicit 3x3 tables satisfy ring axioms; units=2, |m|=1
seed=F3                   G1  PASS X=2; I_psi for all; Gen=2=|R^x|
seed=F3                   G2  PASS alternating on 9 vectors; R-nondegenerate/bilinear; beta identity on 81 pairs
seed=F3                   G3  PASS all 2 nontrivial psi; full radical rows exhausted (162 phase lookups)
seed=F3                   G4  PASS Z(-b)X(a): Weyl and commutation identities exact on 81 pairs
seed=F3                   G5  PASS 9 Weyl operators independent; commutant dimension 1; exact Gram matrices diagonal on every disjoint support class
seed=F3                   G6  PASS N/A: designated non-generating probe is Z/9
seed=F3                   G7  PASS N/A: full Lagrangian census is registered only at the two order-9 chain rings
seed=F3                   G8  PASS 2 unit-scaled generating characters, all distinct; 1 elements of m non-generating
seed=F3                   G9  PASS 2 inverse=2; |Adm|=27, unique antisymmetric omega/2; phi_s identity for all 27 s
seed=F3                   G10 PASS WH regression exact: X=Gen=units=2; radicals=1; 4 lines; rank=9; comm=1; Adm=27/unique half; fixed 9 matrices; H={1:1,3:26}
seed=F3                   G11 PASS H_beta0 element-order profile={1: 1, 3: 26}; sum=27=|R|^3
seed=F9                   A0-CYC PASS Phi_3=x^2+x^1+1; zeta has exact order 3
seed=F9                   A0-RING PASS explicit 9x9 tables satisfy ring axioms; units=8, |m|=1
seed=F9                   G1  PASS X=8; I_psi for all; Gen=8=|R^x|
seed=F9                   G2  PASS alternating on 81 vectors; R-nondegenerate/bilinear; beta identity on 6561 pairs
seed=F9                   G3  PASS all 8 nontrivial psi; full radical rows exhausted (52488 phase lookups)
seed=F9                   G4  PASS Z(-b)X(a): Weyl and commutation identities exact on 6561 pairs
seed=F9                   G5  PASS 81 Weyl operators independent; commutant dimension 1; exact Gram matrices diagonal on every disjoint support class
seed=F9                   G6  PASS N/A: designated non-generating probe is Z/9
seed=F9                   G7  PASS N/A: full Lagrangian census is registered only at the two order-9 chain rings
seed=F9                   G8  PASS 8 unit-scaled generating characters, all distinct; 1 elements of m non-generating
seed=F9                   G9  PASS 2 inverse=2; |Adm|=729, unique antisymmetric omega/2; phi_s identity for all 729 s
seed=F9                   G10 PASS N/A: field-regression seed is F3
seed=F9                   G11 PASS H_beta0 element-order profile={1: 1, 3: 728}; sum=729=|R|^3
seed=Z9                   A0-CYC PASS Phi_9=x^6+x^3+1; zeta has exact order 9
seed=Z9                   A0-RING PASS explicit 9x9 tables satisfy ring axioms; units=6, |m|=3
seed=Z9                   G1  PASS X=8; I_psi for all; Gen=6=|R^x|
seed=Z9                   G2  PASS alternating on 81 vectors; R-nondegenerate/bilinear; beta identity on 6561 pairs
seed=Z9                   G3  PASS all 8 nontrivial psi; full radical rows exhausted (52488 phase lookups)
seed=Z9                   G4  PASS Z(-b)X(a): Weyl and commutation identities exact on 6561 pairs
seed=Z9                   G5  PASS 81 Weyl operators independent; commutant dimension 1; exact Gram matrices diagonal on every disjoint support class
seed=Z9                   G6  PASS psi_3: I=(3), |I|=3; formal Weyl commutant dimension=9=|I|^2; matrix-image commutant dimension=3
seed=Z9                   G7  PASS 23 submodules {1: 1, 3: 4, 9: 13, 27: 4, 81: 1}; Lagrangians=13 (12 free, 1 nonfree); dual-size identity throughout
seed=Z9                   G8  PASS 6 unit-scaled generating characters, all distinct; 3 elements of m non-generating
seed=Z9                   G9  PASS 2 inverse=5; |Adm|=729, unique antisymmetric omega/2; phi_s identity for all 729 s
seed=Z9                   G10 PASS N/A: field-regression seed is F3
seed=Z9                   G11 PASS H_beta0 element-order profile={1: 1, 3: 26, 9: 702}; sum=729=|R|^3
seed=F3[e]/e2             A0-CYC PASS Phi_3=x^2+x^1+1; zeta has exact order 3
seed=F3[e]/e2             A0-RING PASS explicit 9x9 tables satisfy ring axioms; units=6, |m|=3
seed=F3[e]/e2             G1  PASS X=8; I_psi for all; Gen=6=|R^x|
seed=F3[e]/e2             G2  PASS alternating on 81 vectors; R-nondegenerate/bilinear; beta identity on 6561 pairs
seed=F3[e]/e2             G3  PASS all 8 nontrivial psi; full radical rows exhausted (52488 phase lookups)
seed=F3[e]/e2             G4  PASS Z(-b)X(a): Weyl and commutation identities exact on 6561 pairs
seed=F3[e]/e2             G5  PASS 81 Weyl operators independent; commutant dimension 1; exact Gram matrices diagonal on every disjoint support class
seed=F3[e]/e2             G6  PASS N/A: designated non-generating probe is Z/9
seed=F3[e]/e2             G7  PASS 23 submodules {1: 1, 3: 4, 9: 13, 27: 4, 81: 1}; Lagrangians=13 (12 free, 1 nonfree); dual-size identity throughout
seed=F3[e]/e2             G8  PASS 6 unit-scaled generating characters, all distinct; 3 elements of m non-generating
seed=F3[e]/e2             G9  PASS 2 inverse=2; |Adm|=729, unique antisymmetric omega/2; phi_s identity for all 729 s
seed=F3[e]/e2             G10 PASS N/A: field-regression seed is F3
seed=F3[e]/e2             G11 PASS H_beta0 element-order profile={1: 1, 3: 728}; sum=729=|R|^3
seed=Z27                  A0-CYC PASS Phi_27=x^18+x^9+1; zeta has exact order 27
seed=Z27                  A0-RING PASS explicit 27x27 tables satisfy ring axioms; units=18, |m|=9
seed=Z27                  G1  PASS X=26; I_psi for all; Gen=18=|R^x|
seed=Z27                  G2  PASS alternating on 729 vectors; R-nondegenerate/bilinear; beta identity on 531441 pairs
seed=Z27                  G3  PASS all 26 nontrivial psi; full radical rows exhausted (13817466 phase lookups)
seed=Z27                  G4  PASS Z(-b)X(a): Weyl and commutation identities exact on 531441 pairs
seed=Z27                  G5  PASS 729 Weyl operators independent; commutant dimension 1; exact Gram matrices diagonal on every disjoint support class
seed=Z27                  G6  PASS N/A: designated non-generating probe is Z/9
seed=Z27                  G7  PASS N/A: full Lagrangian census is registered only at the two order-9 chain rings
seed=Z27                  G8  PASS 18 unit-scaled generating characters, all distinct; 9 elements of m non-generating
seed=Z27                  G9  PASS 2 inverse=14; |Adm|=19683, unique antisymmetric omega/2; phi_s identity for seeded 128 s
seed=Z27                  G10 PASS N/A: field-regression seed is F3
seed=Z27                  G11 PASS H_beta0 element-order profile={1: 1, 3: 26, 9: 702, 27: 18954}; sum=19683=|R|^3
seed=F3[t]/t3             A0-CYC PASS Phi_3=x^2+x^1+1; zeta has exact order 3
seed=F3[t]/t3             A0-RING PASS explicit 27x27 tables satisfy ring axioms; units=18, |m|=9
seed=F3[t]/t3             G1  PASS X=26; I_psi for all; Gen=18=|R^x|
seed=F3[t]/t3             G2  PASS alternating on 729 vectors; R-nondegenerate/bilinear; beta identity on 531441 pairs
seed=F3[t]/t3             G3  PASS all 26 nontrivial psi; full radical rows exhausted (13817466 phase lookups)
seed=F3[t]/t3             G4  PASS Z(-b)X(a): Weyl and commutation identities exact on 531441 pairs
seed=F3[t]/t3             G5  PASS 729 Weyl operators independent; commutant dimension 1; exact Gram matrices diagonal on every disjoint support class
seed=F3[t]/t3             G6  PASS N/A: designated non-generating probe is Z/9
seed=F3[t]/t3             G7  PASS N/A: full Lagrangian census is registered only at the two order-9 chain rings
seed=F3[t]/t3             G8  PASS 18 unit-scaled generating characters, all distinct; 9 elements of m non-generating
seed=F3[t]/t3             G9  PASS 2 inverse=2; |Adm|=19683, unique antisymmetric omega/2; phi_s identity for seeded 128 s
seed=F3[t]/t3             G10 PASS N/A: field-regression seed is F3
seed=F3[t]/t3             G11 PASS H_beta0 element-order profile={1: 1, 3: 19682}; sum=19683=|R|^3
seed=F3[x,y]/(x,y)^2      A0-CYC PASS Phi_3=x^2+x^1+1; zeta has exact order 3
seed=F3[x,y]/(x,y)^2      A0-RING PASS explicit 27x27 tables satisfy ring axioms; units=18, |m|=9
seed=F3[x,y]/(x,y)^2      G1  PASS X=26; Gen=0 by exhaustion; kernel-ideal sizes={3: 24, 9: 2}, all inside m
seed=F3[x,y]/(x,y)^2      G2  PASS alternating on 729 vectors; R-nondegenerate/bilinear; beta identity on 531441 pairs
seed=F3[x,y]/(x,y)^2      G3  PASS all 26 nontrivial psi; full radical rows exhausted (13817466 phase lookups)
seed=F3[x,y]/(x,y)^2      G4  PASS N/A: no generating character at this seed
seed=F3[x,y]/(x,y)^2      G5  PASS N/A: FCR-ALG assumes a generating character
seed=F3[x,y]/(x,y)^2      G6  PASS N/A: designated non-generating probe is Z/9
seed=F3[x,y]/(x,y)^2      G7  PASS N/A: full Lagrangian census is registered only at the two order-9 chain rings
seed=F3[x,y]/(x,y)^2      G8  PASS N/A: Gen(R) is empty
seed=F3[x,y]/(x,y)^2      G9  PASS 2 inverse=2; |Adm|=19683, unique antisymmetric omega/2; phi_s identity for seeded 128 s
seed=F3[x,y]/(x,y)^2      G10 PASS N/A: field-regression seed is F3
seed=F3[x,y]/(x,y)^2      G11 PASS H_beta0 element-order profile={1: 1, 3: 19682}; sum=19683=|R|^3
---- summary ----
GREEN: G1--G11 passed at every applicable seed; N/A scope lines shown explicitly
--- fcr_local_check.py --help (discovering red modes) ---
--- fcr_local_check.py --red-dim (must exit non-zero) ---
[session-close] OK: fcr_local_check.py --red-dim exited non-zero as required.
--- fcr_local_check.py --red-free-only (must exit non-zero) ---
[session-close] OK: fcr_local_check.py --red-free-only exited non-zero as required.
--- fcr_local_check.py --red-frobenius-blind (must exit non-zero) ---
[session-close] OK: fcr_local_check.py --red-frobenius-blind exited non-zero as required.
--- fcr_local_check.py --red-g6-arena-confusion (must exit non-zero) ---
[session-close] OK: fcr_local_check.py --red-g6-arena-confusion exited non-zero as required.
--- fcr_local_check.py --red-halfweyl-drop (must exit non-zero) ---
[session-close] OK: fcr_local_check.py --red-halfweyl-drop exited non-zero as required.
--- fcr_local_check.py --red-nongenerating (must exit non-zero) ---
[session-close] OK: fcr_local_check.py --red-nongenerating exited non-zero as required.
--- fcr_local_check.py --red-profile-drop-identity (must exit non-zero) ---
[session-close] OK: fcr_local_check.py --red-profile-drop-identity exited non-zero as required.
--- fcr_local_check.py --red-torsor (must exit non-zero) ---
[session-close] OK: fcr_local_check.py --red-torsor exited non-zero as required.
--- fcr_local_check.py --red-transpose (must exit non-zero) ---
[session-close] OK: fcr_local_check.py --red-transpose exited non-zero as required.
--- frobenius_boundary_check.py (green run) ---
B1 PASS: word census, F4/F16 field orbits and fixed powers
B2 PASS: Jordan derivatives, positive rational weights, all conditional moments
B3 PASS: exact state/effect witness and noncommutative cycle blocks
B4 PASS: coherent CRT reblocking, ternary transport and dephasing sentinel
B5 PASS: conditional inclusion weights, tower success and four retained tensor branches
B6 PASS: multiplication counts, overlap filtration and mixed-gate scope sentinels
PASS: B1--B6. Finite evidence only; general statements rely on the reviewed written proofs.
--- frobenius_boundary_check.py --help (discovering red modes) ---
--- frobenius_boundary_check.py --red-coherence (must exit non-zero) ---
[session-close] OK: frobenius_boundary_check.py --red-coherence exited non-zero as required.
--- frobenius_boundary_check.py --red-count (must exit non-zero) ---
[session-close] OK: frobenius_boundary_check.py --red-count exited non-zero as required.
--- frobenius_boundary_check.py --red-decoder (must exit non-zero) ---
[session-close] OK: frobenius_boundary_check.py --red-decoder exited non-zero as required.
--- frobenius_boundary_check.py --red-frobenius (must exit non-zero) ---
[session-close] OK: frobenius_boundary_check.py --red-frobenius exited non-zero as required.
--- frobenius_boundary_check.py --red-overlap (must exit non-zero) ---
[session-close] OK: frobenius_boundary_check.py --red-overlap exited non-zero as required.
--- frobenius_boundary_check.py --red-weight (must exit non-zero) ---
[session-close] OK: frobenius_boundary_check.py --red-weight exited non-zero as required.
--- frobenius_hierarchy_check.py (green run) ---
{"counts": {"A1-Weyl": 158528, "A1-symplectic": 76618, "A2-code": 63, "A2-logical": 1159, "A3-Fourier": 820, "A3-normalization": 6, "A3-transfer": 373, "A4-embedding": 537, "A4-multiplication": 19499, "A5-interference": 3, "A5-strict": 22, "A5-upper": 2566, "A6-tower": 50, "A7-CP": 20, "A7-Fourier": 2, "A7-PREP": 478, "A7-boundary": 1, "A7-parallel": 2078, "A7-tower": 1028, "A7-types": 6}, "mutation": null, "records": {"A1-F16": {"frobenius": [0, 1, 3, 2, 6, 7, 5, 4, 13, 12, 14, 15, 11, 10, 8, 9], "nondegenerate": true, "q": 16, "trace": [0, 0, 0, 0, 0, 0, 0, 0, 1, 1, 1, 1, 1, 1, 1, 1]}, "A1-F2": {"frobenius": [0, 1], "nondegenerate": true, "q": 2, "trace": [0, 1]}, "A1-F3": {"frobenius": [0, 1, 2], "nondegenerate": true, "q": 3, "trace": [0, 1, 2]}, "A1-F4": {"frobenius": [0, 1, 3, 2], "nondegenerate": true, "q": 4, "trace": [0, 0, 1, 1]}, "A1-F8": {"frobenius": [0, 1, 4, 5, 6, 7, 2, 3], "nondegenerate": true, "q": 8, "trace": [0, 1, 0, 1, 0, 1, 0, 1]}, "A1-F9": {"frobenius": [0, 1, 2, 6, 7, 8, 3, 4, 5], "nondegenerate": true, "q": 9, "trace": [0, 2, 1, 0, 2, 1, 0, 2, 1]}, "A2-F2->F16": {"phase_stabilizers": [0, 1, 2, 3, 4, 5, 6, 7], "support": [0, 1], "trace_fibres": [[0, 1, 2, 3, 4, 5, 6, 7], [8, 9, 10, 11, 12, 13, 14, 15]]}, "A2-F2->F4": {"phase_stabilizers": [0, 1], "support": [0, 1], "trace_fibres": [[0, 1], [2, 3]]}, "A2-F2->F8": {"phase_stabilizers": [0, 2, 4, 6], "support": [0, 1], "trace_fibres": [[0, 2, 4, 6], [1, 3, 5, 7]]}, "A2-F3->F9": {"phase_stabilizers": [0, 3, 6], "support": [0, 1, 2], "trace_fibres": [[0, 3, 6], [2, 5, 8], [1, 4, 7]]}, "A2-F4->F16": {"phase_stabilizers": [0, 1, 2, 3], "support": [0, 1, 2, 3], "trace_fibres": [[0, 1, 2, 3], [4, 5, 6, 7], [8, 9, 10, 11], [12, 13, 14, 15]]}, "A3-tower": {"F4_frobenius_orbits": [[0], [1], [2, 3]], "absolute_trace_F16": [0, 0, 0, 0, 0, 0, 0, 0, 1, 1, 1, 1, 1, 1, 1, 1], "character_restriction_F4_F2": [0, 0], "fibre_denominator_squares": [2, 4, 8], "relative_trace_F16_F4": [0, 0, 0, 0, 1, 1, 1, 1, 2, 2, 2, 2, 3, 3, 3, 3]}, "A4-F4->F16": {"a_times_a_in_F4": 3, "embedded_a_times_a_in_F16": 3, "embedding": [0, 1, 2, 3], "tested_control_counts": [1, 2, 3]}, "A5-F2-coherent": {"amplitude": "3/4", "return_probability": "9/16"}, "A5-F2-d1": {"all_translation_count": 4, "certified_sample_level": 2, "difference_space_dimensions": [3, 1, 0], "final_scalar_exponent": 1, "hilbert_dimension": 4, "strict_control_difference_values": [0, 1], "trace_dual_step": 1}, "A5-F2-d2": {"all_translation_count": 8, "certified_sample_level": 3, "difference_space_dimensions": [7, 4, 1, 0], "final_scalar_exponent": 1, "hilbert_dimension": 8, "strict_control_difference_values": [0, 1], "trace_dual_step": 1}, "A5-F2-d3": {"all_translation_count": 16, "certified_sample_level": 4, "difference_space_dimensions": [15, 11, 5, 1, 0], "final_scalar_exponent": 1, "hilbert_dimension": 16, "strict_control_difference_values": [0, 1], "trace_dual_step": 1}, "A5-F2-d4": {"all_translation_count": 32, "certified_sample_level": 5, "difference_space_dimensions": [31, 26, 16, 6, 1, 0], "final_scalar_exponent": 1, "hilbert_dimension": 32, "strict_control_difference_values": [0, 1], "trace_dual_step": 1}, "A5-F3-coherent": {"amplitude": "5/9", "return_probability": "25/81"}, "A5-F3-d1": {"all_translation_count": 9, "certified_sample_level": 2, "difference_space_dimensions": [3, 1, 0], "final_scalar_exponent": 2, "hilbert_dimension": 9, "strict_control_difference_values": [0, 1, 2], "trace_dual_step": 1}, "A5-F3-d2": {"all_translation_count": 27, "certified_sample_level": 3, "difference_space_dimensions": [7, 4, 1, 0], "final_scalar_exponent": 2, "hilbert_dimension": 27, "strict_control_difference_values": [0, 1, 2], "trace_dual_step": 1}, "A5-F3-d3": {"all_translation_count": 81, "certified_sample_level": 4, "difference_space_dimensions": [15, 11, 5, 1, 0], "final_scalar_exponent": 2, "hilbert_dimension": 81, "strict_control_difference_values": [0, 1, 2], "trace_dual_step": 1}, "A5-F3-d4": {"all_translation_count": 243, "certified_sample_level": 5, "difference_space_dimensions": [31, 26, 16, 6, 1, 0], "final_scalar_exponent": 2, "hilbert_dimension": 243, "strict_control_difference_values": [0, 1, 2], "trace_dual_step": 1}, "A5-F4-coherent": {"amplitude": "7/16", "return_probability": "49/256"}, "A5-F4-d1": {"all_translation_count": 16, "certified_sample_level": 2, "difference_space_dimensions": [5, 1, 0], "final_scalar_exponent": 1, "hilbert_dimension": 16, "strict_control_difference_values": [0, 1], "trace_dual_step": 2}, "A5-F4-d2": {"all_translation_count": 64, "certified_sample_level": 3, "difference_space_dimensions": [13, 7, 1, 0], "final_scalar_exponent": 1, "hilbert_dimension": 64, "strict_control_difference_values": [0, 1], "trace_dual_step": 2}, "A5-F4-d3": {"all_translation_count": 256, "certified_sample_level": 4, "difference_space_dimensions": [29, 21, 9, 1, 0], "final_scalar_exponent": 1, "hilbert_dimension": 256, "strict_control_difference_values": [0, 1], "trace_dual_step": 2}, "A6-explicit": {"b_squared": 6, "fixed_basis_labels": [0, 1, 2, 3], "order": 4, "sigma": [0, 1, 3, 2, 6, 7, 5, 4, 13, 12, 14, 15, 11, 10, 8, 9], "sigma_squared": [0, 1, 2, 3, 5, 4, 7, 6, 10, 11, 8, 9, 15, 14, 13, 12], "sigma_squared_orbits": [[0], [1], [2], [3], [4, 5], [6, 7], [8, 10], [9, 11], [12, 15], [13, 14]]}, "A7-F16-preparation-discard": {"discard_target_tensor_unit_dimension": 1, "hidden_discard_bras": 16, "normalized_basis_preparations": 16, "ordinary_trace_matrix_units_checked": 256}, "A7-F2-preparation-discard": {"discard_target_tensor_unit_dimension": 1, "hidden_discard_bras": 2, "normalized_basis_preparations": 2, "ordinary_trace_matrix_units_checked": 4}, "A7-F3-preparation-discard": {"discard_target_tensor_unit_dimension": 1, "hidden_discard_bras": 3, "normalized_basis_preparations": 3, "ordinary_trace_matrix_units_checked": 9}, "A7-F4-preparation-discard": {"discard_target_tensor_unit_dimension": 1, "hidden_discard_bras": 4, "normalized_basis_preparations": 4, "ordinary_trace_matrix_units_checked": 16}, "A7-F8-preparation-discard": {"discard_target_tensor_unit_dimension": 1, "hidden_discard_bras": 8, "normalized_basis_preparations": 8, "ordinary_trace_matrix_units_checked": 64}, "A7-F9-preparation-discard": {"discard_target_tensor_unit_dimension": 1, "hidden_discard_bras": 9, "normalized_basis_preparations": 9, "ordinary_trace_matrix_units_checked": 81}, "A7-Fourier-instrument": {"success_and_failure_branch_equalities": true, "success_denominator_square": 2, "target_dimensions": [2, 4]}, "A7-J-decoder": {"choi_positive_gram": true, "outcome_types": {"f": 4, "s": 2}, "success_probabilities": {"code": "1", "coherent": "1/2", "complement": "0", "mixed": "1/2"}}, "A7-J-parallel": {"entangled_probabilities": {"ff": "1/2", "fs": "0", "sf": "0", "ss": "1/2"}, "outcome_target_dimensions": {"ff": 16, "fs": 8, "sf": 8, "ss": 4}}, "A7-J-tower": {"history_target_dimensions": {"both_success": 2, "first_fail": 16, "first_success_second_fail": 4}, "matrix_units_tested": 256}, "A7-V-decoder": {"choi_positive_gram": true, "outcome_types": {"f": 4, "s": 2}, "success_probabilities": {"code": "1", "coherent": "1/2", "complement": "0", "mixed": "1/2"}}, "A7-V-parallel": {"entangled_probabilities": {"ff": "1/4", "fs": "1/4", "sf": "1/4", "ss": "1/4"}, "outcome_target_dimensions": {"ff": 16, "fs": 8, "sf": 8, "ss": 4}}, "A7-V-tower": {"history_target_dimensions": {"both_success": 2, "first_fail": 16, "first_success_second_fail": 4}, "matrix_units_tested": 256}, "A7-reset-boundary": {"global_diagonal": ["1/4", "1/4", "1/4", "1/4"], "local_diagonal": ["1/2", "0", "1/2", "0"]}}, "status": "PASS"}
--- frobenius_hierarchy_check.py --help (discovering red modes) ---
--- frobenius_hierarchy_check.py --red (must exit non-zero) ---
[session-close] OK: frobenius_hierarchy_check.py --red exited non-zero as required.
--- frobenius_hierarchy_check.py --red-code-phase-subfield (must exit non-zero) ---
[session-close] OK: frobenius_hierarchy_check.py --red-code-phase-subfield exited non-zero as required.
--- frobenius_hierarchy_check.py --red-discard-omit-bra (must exit non-zero) ---
[session-close] OK: frobenius_hierarchy_check.py --red-discard-omit-bra exited non-zero as required.
--- frobenius_hierarchy_check.py --red-embedding-coefficient-swap (must exit non-zero) ---
[session-close] OK: frobenius_hierarchy_check.py --red-embedding-coefficient-swap exited non-zero as required.
--- frobenius_hierarchy_check.py --red-fourier-failure-original-code (must exit non-zero) ---
[session-close] OK: frobenius_hierarchy_check.py --red-fourier-failure-original-code exited non-zero as required.
--- frobenius_hierarchy_check.py --red-fourier-positive-kernel (must exit non-zero) ---
[session-close] OK: frobenius_hierarchy_check.py --red-fourier-positive-kernel exited non-zero as required.
--- frobenius_hierarchy_check.py --red-frob-one-label (must exit non-zero) ---
[session-close] OK: frobenius_hierarchy_check.py --red-frob-one-label exited non-zero as required.
--- frobenius_hierarchy_check.py --red-frobenius-no-shear (must exit non-zero) ---
[session-close] OK: frobenius_hierarchy_check.py --red-frobenius-no-shear exited non-zero as required.
--- frobenius_hierarchy_check.py --red-hierarchy-delete-factor (must exit non-zero) ---
[session-close] OK: frobenius_hierarchy_check.py --red-hierarchy-delete-factor exited non-zero as required.
--- frobenius_hierarchy_check.py --red-hierarchy-extra-register-term (must exit non-zero) ---
[session-close] OK: frobenius_hierarchy_check.py --red-hierarchy-extra-register-term exited non-zero as required.
--- frobenius_hierarchy_check.py --red-instrument-double-success (must exit non-zero) ---
[session-close] OK: frobenius_hierarchy_check.py --red-instrument-double-success exited non-zero as required.
--- frobenius_hierarchy_check.py --red-interference-erase-phase (must exit non-zero) ---
[session-close] OK: frobenius_hierarchy_check.py --red-interference-erase-phase exited non-zero as required.
--- frobenius_hierarchy_check.py --red-logical-momentum-inclusion (must exit non-zero) ---
[session-close] OK: frobenius_hierarchy_check.py --red-logical-momentum-inclusion exited non-zero as required.
--- frobenius_hierarchy_check.py --red-multiplication-as-addition (must exit non-zero) ---
[session-close] OK: frobenius_hierarchy_check.py --red-multiplication-as-addition exited non-zero as required.
--- frobenius_hierarchy_check.py --red-parallel-collapse-outcomes (must exit non-zero) ---
[session-close] OK: frobenius_hierarchy_check.py --red-parallel-collapse-outcomes exited non-zero as required.
--- frobenius_hierarchy_check.py --red-process-wrong-target (must exit non-zero) ---
[session-close] OK: frobenius_hierarchy_check.py --red-process-wrong-target exited non-zero as required.
--- frobenius_hierarchy_check.py --red-relative-trace-projection (must exit non-zero) ---
[session-close] OK: frobenius_hierarchy_check.py --red-relative-trace-projection exited non-zero as required.
--- frobenius_hierarchy_check.py --red-reset-global-as-local (must exit non-zero) ---
[session-close] OK: frobenius_hierarchy_check.py --red-reset-global-as-local exited non-zero as required.
--- frobenius_hierarchy_check.py --red-sequential-reverse (must exit non-zero) ---
[session-close] OK: frobenius_hierarchy_check.py --red-sequential-reverse exited non-zero as required.
--- frobenius_hierarchy_check.py --red-trace-fibre-unnormalized (must exit non-zero) ---
[session-close] OK: frobenius_hierarchy_check.py --red-trace-fibre-unnormalized exited non-zero as required.
--- frobenius_hierarchy_check.py --red-weyl-positive-sign (must exit non-zero) ---
[session-close] OK: frobenius_hierarchy_check.py --red-weyl-positive-sign exited non-zero as required.
--- positive_arithmetic_check.py (green run) ---
{
  "status": "PASS",
  "mutation": null,
  "counts": {
    "P1": 779,
    "P2": 112,
    "P3": 11,
    "P4": 104,
    "P5": 52,
    "P6": 64,
    "P7": 5
  },
  "records": {
    "P1": [
      {
        "p": 2,
        "r": 1,
        "Q": 2,
        "period_counts": {
          "1": 1
        },
        "B_nonzero_trace": "1"
      },
      {
        "p": 2,
        "r": 2,
        "Q": 4,
        "period_counts": {
          "1": 1,
          "2": 2
        },
        "B_nonzero_trace": "2"
      },
      {
        "p": 2,
        "r": 3,
        "Q": 8,
        "period_counts": {
          "1": 1,
          "3": 6
        },
        "B_nonzero_trace": "3"
      },
      {
        "p": 2,
        "r": 4,
        "Q": 16,
        "period_counts": {
          "1": 1,
          "4": 12,
          "2": 2
        },
        "B_nonzero_trace": "4"
      },
      {
        "p": 3,
        "r": 1,
        "Q": 3,
        "period_counts": {
          "1": 2
        },
        "B_nonzero_trace": "1"
      },
      {
        "p": 3,
        "r": 2,
        "Q": 9,
        "period_counts": {
          "1": 2,
          "2": 6
        },
        "B_nonzero_trace": "2"
      },
      {
        "p": 3,
        "r": 3,
        "Q": 27,
        "period_counts": {
          "1": 2,
          "3": 24
        },
        "B_nonzero_trace": "3"
      },
      {
        "p": 3,
        "r": 4,
        "Q": 81,
        "period_counts": {
          "1": 2,
          "4": 72,
          "2": 6
        },
        "B_nonzero_trace": "4"
      },
      {
        "p": 5,
        "r": 1,
        "Q": 5,
        "period_counts": {
          "1": 4
        },
        "B_nonzero_trace": "1"
      },
      {
        "p": 5,
        "r": 2,
        "Q": 25,
        "period_counts": {
          "1": 4,
          "2": 20
        },
        "B_nonzero_trace": "2"
      },
      {
        "p": 5,
        "r": 3,
        "Q": 125,
        "period_counts": {
          "1": 4,
          "3": 120
        },
        "B_nonzero_trace": "3"
      },
      {
        "p": 5,
        "r": 4,
        "Q": 625,
        "period_counts": {
          "1": 4,
          "4": 600,
          "2": 20
        },
        "B_nonzero_trace": "4"
      }
    ],
    "P2": [
      {
        "p": 2,
        "s": 1,
        "r": 2,
        "twisted": false,
        "degree": 2,
        "kappa": 2
      },
      {
        "p": 2,
        "s": 1,
        "r": 3,
        "twisted": false,
        "degree": 3,
        "kappa": 4
      },
      {
        "p": 2,
        "s": 2,
        "r": 4,
        "twisted": false,
        "degree": 2,
        "kappa": 4
      },
      {
        "p": 2,
        "s": 2,
        "r": 4,
        "twisted": true,
        "degree": 2,
        "kappa": 4
      },
      {
        "p": 3,
        "s": 1,
        "r": 2,
        "twisted": false,
        "degree": 2,
        "kappa": 3
      },
      {
        "p": 3,
        "s": 1,
        "r": 3,
        "twisted": false,
        "degree": 3,
        "kappa": 9
      }
    ],
    "P3": [
      {
        "t": "1",
        "state_complement": "0",
        "old_tracial_complement": "-1"
      },
      {
        "t": "6/5",
        "state_complement": "11/54",
        "old_tracial_complement": "-7/18"
      },
      {
        "t": "3/2",
        "state_complement": "10/27",
        "old_tracial_complement": "1/9"
      },
      {
        "t": "2",
        "state_complement": "1/2",
        "old_tracial_complement": "1/2"
      }
    ],
    "P4": {
      "protocols": [
        {
          "p": 2,
          "q": 2,
          "Q": 4,
          "a": 2,
          "b": 3,
          "trace_ab": 0,
          "trace_frobenius_ab": 1,
          "rare_order": 2,
          "rare_leading": "1/4",
          "full_success": "1",
          "dephased_success": "1/2",
          "omitted": {
            "frobenius": {
              "success": "1",
              "failure": "0"
            },
            "multiplication": {
              "success": "1",
              "failure": "0"
            },
            "fourier": {
              "success": "0",
              "failure": "1"
            }
          }
        },
        {
          "p": 2,
          "q": 2,
          "Q": 8,
          "a": 2,
          "b": 2,
          "trace_ab": 0,
          "trace_frobenius_ab": 1,
          "rare_order": 2,
          "rare_leading": "1/9",
          "full_success": "1",
          "dephased_success": "1/4",
          "omitted": {
            "frobenius": {
              "success": "1",
              "failure": "0"
            },
            "multiplication": {
              "success": "1",
              "failure": "0"
            },
            "fourier": {
              "success": "1/4",
              "failure": "3/4"
            }
          }
        },
        {
          "p": 2,
          "q": 4,
          "Q": 16,
          "a": 2,
          "b": 3,
          "trace_ab": 0,
          "trace_frobenius_ab": 1,
          "rare_order": 2,
          "rare_leading": "1/36",
          "full_success": "1",
          "dephased_success": "1/4",
          "omitted": {
            "frobenius": {
              "success": "1",
              "failure": "0"
            },
            "multiplication": {
              "success": "1",
              "failure": "0"
            },
            "fourier": {
              "success": "0",
              "failure": "1"
            }
          }
        },
        {
          "p": 3,
          "q": 3,
          "Q": 9,
          "a": 4,
          "b": 4,
          "trace_ab": 0,
          "trace_frobenius_ab": 1,
          "rare_order": 2,
          "rare_leading": "1/36",
          "full_success": "1",
          "dephased_success": "1/3",
          "omitted": {
            "frobenius": {
              "success": "1",
              "failure": "0"
            },
            "multiplication": {
              "success": "1",
              "failure": "0"
            },
            "fourier": {
              "success": "1/3",
              "failure": "2/3"
            }
          }
        },
        {
          "p": 3,
          "q": 3,
          "Q": 27,
          "a": 3,
          "b": 9,
          "trace_ab": 0,
          "trace_frobenius_ab": 1,
          "rare_order": 2,
          "rare_leading": "1/144",
          "full_success": "1",
          "dephased_success": "1/9",
          "omitted": {
            "frobenius": {
              "success": "1",
              "failure": "0"
            },
            "multiplication": {
              "success": "1",
              "failure": "0"
            },
            "fourier": {
              "success": "0",
              "failure": "1"
            }
          }
        },
        {
          "p": 5,
          "q": 5,
          "Q": 25,
          "a": 6,
          "b": 14,
          "trace_ab": 0,
          "trace_frobenius_ab": 1,
          "rare_order": 2,
          "rare_leading": "1/400",
          "full_success": "1",
          "dephased_success": "1/5",
          "omitted": {
            "frobenius": {
              "success": "1",
              "failure": "0"
            },
            "multiplication": {
              "success": "1",
              "failure": "0"
            },
            "fourier": {
              "success": "1/5",
              "failure": "4/5"
            }
          }
        }
      ],
      "coherent_control_return": "1",
      "dephased_output_return": "1/2",
      "full_leakage_return": "1",
      "compressed_return": "0",
      "retained_failure_return": "1",
      "phase_shifted_Born_return": "0"
    },
    "P5": {
      "branches": [
        {
          "registers": 1,
          "event_order": 0,
          "leading_probability": "5/9"
        },
        {
          "registers": 1,
          "event_order": 1,
          "leading_probability": "5/18"
        },
        {
          "registers": 2,
          "event_order": 0,
          "leading_probability": "5/9"
        },
        {
          "registers": 2,
          "event_order": 1,
          "leading_probability": "5/18"
        },
        {
          "registers": 2,
          "event_order": 2,
          "leading_probability": "5/36"
        },
        {
          "registers": 3,
          "event_order": 0,
          "leading_probability": "5/9"
        },
        {
          "registers": 3,
          "event_order": 1,
          "leading_probability": "5/18"
        },
        {
          "registers": 3,
          "event_order": 2,
          "leading_probability": "5/36"
        },
        {
          "registers": 3,
          "event_order": 3,
          "leading_probability": "5/72"
        }
      ],
      "entangled_event_order": 2,
      "later_event_coefficient": "1/4",
      "independent_nonzero_diagonal_order": 2,
      "copied_nonzero_diagonal_order": 1,
      "independent_nonzero_diagonal_leading": "3/2",
      "copied_nonzero_diagonal_leading": "2",
      "t_6_5_diagonal_probability": "43/1296",
      "naive_point_count_probability": "275/1296"
    },
    "P6": {
      "arity_samples": [
        {
          "p": 2,
          "r": 1,
          "arity": 1,
          "order": 1,
          "leading": "1",
          "conditional_squared_difference": "2"
        },
        {
          "p": 2,
          "r": 1,
          "arity": 2,
          "order": 2,
          "leading": "1",
          "conditional_squared_difference": "2"
        },
        {
          "p": 2,
          "r": 1,
          "arity": 3,
          "order": 3,
          "leading": "1",
          "conditional_squared_difference": "2"
        },
        {
          "p": 3,
          "r": 1,
          "arity": 1,
          "order": 1,
          "leading": "1",
          "conditional_squared_difference": "2"
        },
        {
          "p": 3,
          "r": 1,
          "arity": 2,
          "order": 2,
          "leading": "1",
          "conditional_squared_difference": "2"
        },
        {
          "p": 3,
          "r": 1,
          "arity": 3,
          "order": 3,
          "leading": "1",
          "conditional_squared_difference": "2"
        },
        {
          "p": 2,
          "r": 2,
          "arity": 1,
          "order": 1,
          "leading": "2",
          "conditional_squared_difference": "2"
        },
        {
          "p": 2,
          "r": 2,
          "arity": 2,
          "order": 2,
          "leading": "4",
          "conditional_squared_difference": "2"
        },
        {
          "p": 2,
          "r": 2,
          "arity": 3,
          "order": 3,
          "leading": "8",
          "conditional_squared_difference": "2"
        },
        {
          "p": 3,
          "r": 2,
          "arity": 1,
          "order": 1,
          "leading": "2",
          "conditional_squared_difference": "2"
        },
        {
          "p": 3,
          "r": 2,
          "arity": 2,
          "order": 2,
          "leading": "4",
          "conditional_squared_difference": "2"
        },
        {
          "p": 3,
          "r": 2,
          "arity": 3,
          "order": 3,
          "leading": "8",
          "conditional_squared_difference": "2"
        }
      ],
      "outside_joint_Born_return": "1/9",
      "outside_joint_order": 1,
      "outside_joint_leading": "1/2",
      "hierarchy_scope": "Order d is an arity diagnostic; exact hierarchy level d+1 is an admitted input, not re-proved by this count."
    },
    "P7": {
      "comparison": [
        {
          "p": 2,
          "degree": 2,
          "dimension": 4,
          "rho_0": "zero ket",
          "nonzero_conditional_fixed_label_weight": "1/2",
          "nonzero_conditional_moving_label_weight": "1/4",
          "conditional_purity": "3/8",
          "period_mass_fixed": "1/2",
          "period_mass_moving": "1/2",
          "Fourier_zero_return": "1/4"
        },
        {
          "p": 3,
          "degree": 2,
          "dimension": 9,
          "rho_0": "zero ket",
          "nonzero_conditional_fixed_label_weight": "1/4",
          "nonzero_conditional_moving_label_weight": "1/12",
          "conditional_purity": "1/6",
          "period_mass_fixed": "1/2",
          "period_mass_moving": "1/2",
          "Fourier_zero_return": "1/9"
        }
      ],
      "scope": "Common degree moments do not identify full endpoints or erase p-dependent arithmetic tables."
    }
  },
  "scope": "Exact bounded samples only; no universal theorem inferred."
}
--- positive_arithmetic_check.py --help (discovering red modes) ---
--- positive_arithmetic_check.py --red-arity (must exit non-zero) ---
[session-close] OK: positive_arithmetic_check.py --red-arity exited non-zero as required.
--- positive_arithmetic_check.py --red-coherence (must exit non-zero) ---
[session-close] OK: positive_arithmetic_check.py --red-coherence exited non-zero as required.
--- positive_arithmetic_check.py --red-compression (must exit non-zero) ---
[session-close] OK: positive_arithmetic_check.py --red-compression exited non-zero as required.
--- positive_arithmetic_check.py --red-discard-later-rare (must exit non-zero) ---
[session-close] OK: positive_arithmetic_check.py --red-discard-later-rare exited non-zero as required.
--- positive_arithmetic_check.py --red-embedding (must exit non-zero) ---
[session-close] OK: positive_arithmetic_check.py --red-embedding exited non-zero as required.
--- positive_arithmetic_check.py --red-erase-characteristic (must exit non-zero) ---
[session-close] OK: positive_arithmetic_check.py --red-erase-characteristic exited non-zero as required.
--- positive_arithmetic_check.py --red-fourier-invariance (must exit non-zero) ---
[session-close] OK: positive_arithmetic_check.py --red-fourier-invariance exited non-zero as required.
--- positive_arithmetic_check.py --red-fourier-phase (must exit non-zero) ---
[session-close] OK: positive_arithmetic_check.py --red-fourier-phase exited non-zero as required.
--- positive_arithmetic_check.py --red-jordan (must exit non-zero) ---
[session-close] OK: positive_arithmetic_check.py --red-jordan exited non-zero as required.
--- positive_arithmetic_check.py --red-mass (must exit non-zero) ---
[session-close] OK: positive_arithmetic_check.py --red-mass exited non-zero as required.
--- positive_arithmetic_check.py --red-moment (must exit non-zero) ---
[session-close] OK: positive_arithmetic_check.py --red-moment exited non-zero as required.
--- positive_arithmetic_check.py --red-multiplication-entry (must exit non-zero) ---
[session-close] OK: positive_arithmetic_check.py --red-multiplication-entry exited non-zero as required.
--- positive_arithmetic_check.py --red-normalizer (must exit non-zero) ---
[session-close] OK: positive_arithmetic_check.py --red-normalizer exited non-zero as required.
--- positive_arithmetic_check.py --red-profile (must exit non-zero) ---
[session-close] OK: positive_arithmetic_check.py --red-profile exited non-zero as required.
--- positive_arithmetic_check.py --red-total-first-order (must exit non-zero) ---
[session-close] OK: positive_arithmetic_check.py --red-total-first-order exited non-zero as required.
--- positive_arithmetic_check.py --red-tracial-complement (must exit non-zero) ---
[session-close] OK: positive_arithmetic_check.py --red-tracial-complement exited non-zero as required.
--- small_rings_catalogue_check.py (green run) ---
small_rings_catalogue_check mode=green
exact arithmetic: finite tables + Z[zeta_d] vectors; no floats/tolerances
ring=F2          A0 PASS Phi_2 exact; zeta_2 has exact order 2; 2x2 tables satisfy commutative local-ring axioms [decoration: table-integrity precondition]
ring=F2          C1 PASS |soc|=2 |R^x|=1 |Gen|=1 (all 2 chars); |Adm|=8; antisym=0
ring=F2          C2 PASS 2-cocycle on 64 triples; UT3 identity on 64 pairs; F3 transports=0
ring=F2          C3 PASS |H|=8 centre={1: 1, 2: 1} exponent=4 profile={1: 1, 2: 5, 4: 2}; D4 witness=(3,1); beta profile types=[2, 6]
ring=F2          C4 PASS [H,H]=R x 0; |H^ab|=4; classes=5=4+sum Ann(u)^2
ring=F2          C5 PASS 1 generating characters: exact Gram=4 I_2 and commutant=1; span=M_2; Pauli image order 8 (D4)
ring=F2          C6 PASS u=(0,): 4x1; u=(1,): 1x2; irreps=5=classes; sum dim^2=8
ring=F2          C7 PASS N/A: field has no nonzero maximal-ideal stratum
ring=F2          C8 PASS submodules=5 {1: 1, 2: 3, 4: 1}; Lagrangians=(3, 3, 0); 6 exact A_L characters/model labels
ring=F3          A0 PASS Phi_3 exact; zeta_3 has exact order 3; 3x3 tables satisfy commutative local-ring axioms [decoration: table-integrity precondition]
ring=F3          C1 PASS |soc|=3 |R^x|=2 |Gen|=2 (all 3 chars); |Adm|=27; antisym=1
ring=F3          C2 PASS 2-cocycle on 729 triples; UT3 identity on 729 pairs; F3 transports=27
ring=F3          C3 PASS |H|=27 centre={1: 1, 3: 2} exponent=3 profile={1: 1, 3: 26}; extraspecial 3^(1+2)_+ invariants
ring=F3          C4 PASS [H,H]=R x 0; |H^ab|=9; classes=11=9+sum Ann(u)^2
ring=F3          C5 PASS 2 generating characters: exact Gram=9 I_3 and commutant=1; span=M_3
ring=F3          C6 PASS u=(0,): 9x1; u=(1,): 1x3; u=(2,): 1x3; irreps=11=classes; sum dim^2=27
ring=F3          C7 PASS N/A: field has no nonzero maximal-ideal stratum
ring=F3          C8 PASS submodules=6 {1: 1, 3: 4, 9: 1}; Lagrangians=(4, 4, 0); 12 exact A_L characters/model labels
ring=F4          A0 PASS Phi_2 exact; zeta_2 has exact order 2; 4x4 tables satisfy commutative local-ring axioms [decoration: table-integrity precondition]
ring=F4          C1 PASS |soc|=4 |R^x|=3 |Gen|=3 (all 4 chars); |Adm|=64; antisym=0
ring=F4          C2 PASS 2-cocycle on 4096 triples; UT3 identity on 4096 pairs; F3 transports=0
ring=F4          C3 PASS |H|=64 centre={1: 1, 2: 3} exponent=4 profile={1: 1, 2: 27, 4: 36}; beta profile types=[24, 40]
ring=F4          C4 PASS [H,H]=R x 0; |H^ab|=16; classes=19=16+sum Ann(u)^2
ring=F4          C5 PASS 3 generating characters: exact Gram=16 I_4 and commutant=1; span=M_4; two independent qubit shifts
ring=F4          C6 PASS u=(0, 0): 16x1; u=(1, 0): 1x4; u=(0, 1): 1x4; u=(1, 1): 1x4; irreps=19=classes; sum dim^2=64
ring=F4          C7 PASS N/A: field has no nonzero maximal-ideal stratum
ring=F4          C8 PASS submodules=7 {1: 1, 4: 5, 16: 1}; Lagrangians=(5, 5, 0); 20 exact A_L characters/model labels
ring=Z4          A0 PASS Phi_4 exact; zeta_4 has exact order 4; 4x4 tables satisfy commutative local-ring axioms [decoration: table-integrity precondition]
ring=Z4          C1 PASS |soc|=2 |R^x|=2 |Gen|=2 (all 4 chars); |Adm|=64; antisym=0
ring=Z4          C2 PASS 2-cocycle on 4096 triples; UT3 identity on 4096 pairs; F3 transports=0
ring=Z4          C3 PASS |H|=64 centre={1: 1, 2: 1, 4: 2} exponent=8 profile={1: 1, 2: 7, 4: 40, 8: 16}; order 8 iff a,b odd (16 elements)
ring=Z4          C4 PASS [H,H]=R x 0; |H^ab|=16; classes=22=16+sum Ann(u)^2
ring=Z4          C5 PASS 2 generating characters: exact Gram=16 I_4 and commutant=1; span=M_4; ququart clock exponents=(0,1,2,3)
ring=Z4          C6 PASS u=(0,): 16x1; u=(1,): 1x4; u=(2,): 4x2; u=(3,): 1x4; irreps=22=classes; sum dim^2=64
ring=Z4          C7 PASS I=Ann(u), rad=I^2 size 4; Weyl images=8 (projective=8), H image=16; model=2+2, multiplicity 1 each, 2 of 4 inequivalent 2-d irreps
ring=Z4          C8 PASS submodules=15 {1: 1, 2: 3, 4: 7, 8: 3, 16: 1}; Lagrangians=(7, 6, 1); 28 exact A_L characters/model labels
ring=F2[e]/e2    A0 PASS Phi_2 exact; zeta_2 has exact order 2; 4x4 tables satisfy commutative local-ring axioms [decoration: table-integrity precondition]
ring=F2[e]/e2    C1 PASS |soc|=2 |R^x|=2 |Gen|=2 (all 4 chars); |Adm|=64; antisym=0
ring=F2[e]/e2    C2 PASS 2-cocycle on 4096 triples; UT3 identity on 4096 pairs; F3 transports=0
ring=F2[e]/e2    C3 PASS |H|=64 centre={1: 1, 2: 3} exponent=4 profile={1: 1, 2: 31, 4: 32}; 2v=0 and no order 8
ring=F2[e]/e2    C4 PASS [H,H]=R x 0; |H^ab|=16; classes=22=16+sum Ann(u)^2
ring=F2[e]/e2    C5 PASS 2 generating characters: exact Gram=16 I_4 and commutant=1; span=M_4
ring=F2[e]/e2    C6 PASS u=(0, 0): 16x1; u=(1, 0): 1x4; u=(0, 1): 4x2; u=(1, 1): 1x4; irreps=22=classes; sum dim^2=64
ring=F2[e]/e2    C7 PASS I=Ann(u), rad=I^2 size 4; Weyl images=8 (projective=8), H image=16; model=2+2, multiplicity 1 each, 2 of 4 inequivalent 2-d irreps
ring=F2[e]/e2    C8 PASS submodules=15 {1: 1, 2: 3, 4: 7, 8: 3, 16: 1}; Lagrangians=(7, 6, 1); 28 exact A_L characters/model labels
---- summary ----
GREEN: C1--C8 passed at all five rings; A0 is named decoration/precondition
--- small_rings_catalogue_check.py --help (discovering red modes) ---
--- small_rings_catalogue_check.py --red-catalogue (must exit non-zero) ---
[session-close] OK: small_rings_catalogue_check.py --red-catalogue exited non-zero as required.
--- small_rings_catalogue_check.py --red-class-count (must exit non-zero) ---
[session-close] OK: small_rings_catalogue_check.py --red-class-count exited non-zero as required.
--- small_rings_catalogue_check.py --red-drop-nonfree (must exit non-zero) ---
[session-close] OK: small_rings_catalogue_check.py --red-drop-nonfree exited non-zero as required.
--- small_rings_catalogue_check.py --red-gram (must exit non-zero) ---
[session-close] OK: small_rings_catalogue_check.py --red-gram exited non-zero as required.
--- small_rings_catalogue_check.py --red-middle-images (must exit non-zero) ---
[session-close] OK: small_rings_catalogue_check.py --red-middle-images exited non-zero as required.
--- small_rings_catalogue_check.py --red-order-profile (must exit non-zero) ---
[session-close] OK: small_rings_catalogue_check.py --red-order-profile exited non-zero as required.
--- small_rings_catalogue_check.py --red-ring-soc (must exit non-zero) ---
[session-close] OK: small_rings_catalogue_check.py --red-ring-soc exited non-zero as required.
--- small_rings_catalogue_check.py --red-transpose-cocycle (must exit non-zero) ---
[session-close] OK: small_rings_catalogue_check.py --red-transpose-cocycle exited non-zero as required.
--- beta_census.py (green run) ---
beta_census  mode=green   exact integer arithmetic, no tolerance

== kappa = F_2 (p=2, n=1), |V| = 4, |H| = 8 ==
q=2  B1   PASS |Adm(omega)| = q^3 = 8, all admissible, all kappa-bilinear, all distinct
q=2  B2   PASS no admissible cocycle is antisymmetric: the torsor has no distinguished point
q=2  B3   profile {1: 1, 2: 5, 4: 2} : 6 of 8 cocycles  (contains D2's beta)
q=2  B3   profile {1: 1, 2: 1, 4: 6} : 2 of 8 cocycles
q=2  B5   PASS Arf(Q) in kappa/P(kappa) (|P(kappa)| = q/2) is SL_2-invariant (8 cocycles x 6 group elements) and takes exactly the 2 values [0, 1]
q=2  B6   Arf=0  eps=+1  |O(Q) cap SL_2|=2 = 2(q-1)  #{Q=0}=3  profile {1: 1, 2: 5, 4: 2} : 6 cocycles  <- D2
q=2  B6   Arf=1  eps=-1  |O(Q) cap SL_2|=6 = 2(q+1)  #{Q=0}=1  profile {1: 1, 2: 1, 4: 6} : 2 cocycles
q=2  B7   PASS every cocycle with Arf = Arf(D2) is carried to D2's by an explicit isomorphism phi(t,v) = (t+f(v), gv), g in SL_2, verified on all pairs (6 cocycles)
q=2  B8   PASS Tr kills P(kappa) and is onto F_2; Arf_{F_2}(psi o Q) (the Gauss sign) = Tr(Arf_kappa(Q)) for all 8 cocycles
q=2  B9   PASS mu_p-frame equivalence with D2 (i.e. psi(Q'-Q) = 1 pointwise) holds for 2 of 8 cocycles
q=2  B10  bi-additive (not nec. kappa-bilinear) cocycles: #{v : Q(v)=0} takes the 2 values [1, 3] over the 4 additive shifts of Q, so H_beta has 2 isomorphism classes here against exactly 2 among the kappa-bilinear cocycles; but sum_v psi(Q(v)) still takes only the two values [-2, 2], so psi o Q keeps exactly two F_2-Arf classes

== kappa = F_3 (p=3, n=1), |V| = 9, |H| = 27 ==
q=3  B1   PASS |Adm(omega)| = q^3 = 27, all admissible, all kappa-bilinear, all distinct
q=3  B2   PASS exactly one antisymmetric admissible cocycle, and it is omega/2: a canonical representative
q=3  B3   profile {1: 1, 3: 26} : 27 of 27 cocycles  (contains D2's beta)
q=3  B4   PASS phi(t,v) = (t + s(v,v)/2, v) : H_beta0 -> H_beta' is a group isomorphism for all 27 cocycles, verified on all 81 pairs each

== kappa = F_4 (p=2, n=2), |V| = 16, |H| = 64 ==
q=4  B1   PASS |Adm(omega)| = q^3 = 64, all admissible, all kappa-bilinear, all distinct
q=4  B2   PASS no admissible cocycle is antisymmetric: the torsor has no distinguished point
q=4  B3   profile {1: 1, 2: 27, 4: 36} : 40 of 64 cocycles  (contains D2's beta)
q=4  B3   profile {1: 1, 2: 3, 4: 60} : 24 of 64 cocycles
q=4  B5   PASS Arf(Q) in kappa/P(kappa) (|P(kappa)| = q/2) is SL_2-invariant (64 cocycles x 60 group elements) and takes exactly the 2 values [0, 2]
q=4  B6   Arf=0  eps=+1  |O(Q) cap SL_2|=6 = 2(q-1)  #{Q=0}=7  profile {1: 1, 2: 27, 4: 36} : 40 cocycles  <- D2
q=4  B6   Arf=2  eps=-1  |O(Q) cap SL_2|=10 = 2(q+1)  #{Q=0}=1  profile {1: 1, 2: 3, 4: 60} : 24 cocycles
q=4  B7   PASS every cocycle with Arf = Arf(D2) is carried to D2's by an explicit isomorphism phi(t,v) = (t+f(v), gv), g in SL_2, verified on all pairs (40 cocycles)
q=4  B8   PASS Tr kills P(kappa) and is onto F_2; Arf_{F_2}(psi o Q) (the Gauss sign) = Tr(Arf_kappa(Q)) for all 64 cocycles
q=4  B9   PASS mu_p-frame equivalence with D2 (i.e. psi(Q'-Q) = 1 pointwise) holds for 4 of 64 cocycles
q=4  B10  bi-additive (not nec. kappa-bilinear) cocycles: #{v : Q(v)=0} takes the 4 values [1, 3, 5, 7] over the 256 additive shifts of Q, so H_beta has 4 isomorphism classes here against exactly 2 among the kappa-bilinear cocycles; but sum_v psi(Q(v)) still takes only the two values [-4, 4], so psi o Q keeps exactly two F_2-Arf classes

== kappa = F_5 (p=5, n=1), |V| = 25, |H| = 125 ==
q=5  B1   PASS |Adm(omega)| = q^3 = 125, all admissible, all kappa-bilinear, all distinct
q=5  B2   PASS exactly one antisymmetric admissible cocycle, and it is omega/2: a canonical representative
q=5  B3   profile {1: 1, 5: 124} : 125 of 125 cocycles  (contains D2's beta)
q=5  B4   PASS phi(t,v) = (t + s(v,v)/2, v) : H_beta0 -> H_beta' is a group isomorphism for all 125 cocycles, verified on all 625 pairs each

== kappa = F_8 (p=2, n=3), |V| = 64, |H| = 512 ==
q=8  B1   PASS |Adm(omega)| = q^3 = 512, all admissible, all kappa-bilinear, all distinct
q=8  B2   PASS no admissible cocycle is antisymmetric: the torsor has no distinguished point
q=8  B3   profile {1: 1, 2: 119, 4: 392} : 288 of 512 cocycles  (contains D2's beta)
q=8  B3   profile {1: 1, 2: 7, 4: 504} : 224 of 512 cocycles
q=8  B5   PASS Arf(Q) in kappa/P(kappa) (|P(kappa)| = q/2) is SL_2-invariant (512 cocycles x 504 group elements) and takes exactly the 2 values [0, 1]
q=8  B6   Arf=0  eps=+1  |O(Q) cap SL_2|=14 = 2(q-1)  #{Q=0}=15  profile {1: 1, 2: 119, 4: 392} : 288 cocycles  <- D2
q=8  B6   Arf=1  eps=-1  |O(Q) cap SL_2|=18 = 2(q+1)  #{Q=0}=1  profile {1: 1, 2: 7, 4: 504} : 224 cocycles
q=8  B7   PASS every cocycle with Arf = Arf(D2) is carried to D2's by an explicit isomorphism phi(t,v) = (t+f(v), gv), g in SL_2, verified on all pairs (288 cocycles)
q=8  B8   PASS Tr kills P(kappa) and is onto F_2; Arf_{F_2}(psi o Q) (the Gauss sign) = Tr(Arf_kappa(Q)) for all 512 cocycles
q=8  B9   PASS mu_p-frame equivalence with D2 (i.e. psi(Q'-Q) = 1 pointwise) holds for 8 of 512 cocycles
q=8  B10  bi-additive (not nec. kappa-bilinear) cocycles: #{v : Q(v)=0} takes the 8 values [1, 3, 5, 7, 9, 11, 13, 15] over the 262144 additive shifts of Q, so H_beta has 8 isomorphism classes here against exactly 2 among the kappa-bilinear cocycles; but sum_v psi(Q(v)) still takes only the two values [-8, 8], so psi o Q keeps exactly two F_2-Arf classes

== kappa = F_9 (p=3, n=2), |V| = 81, |H| = 729 ==
q=9  B1   PASS |Adm(omega)| = q^3 = 729, all admissible, all kappa-bilinear, all distinct
q=9  B2   PASS exactly one antisymmetric admissible cocycle, and it is omega/2: a canonical representative
q=9  B3   profile {1: 1, 3: 728} : 729 of 729 cocycles  (contains D2's beta)
q=9  B4   PASS phi(t,v) = (t + s(v,v)/2, v) : H_beta0 -> H_beta' is a group isomorphism for all 729 cocycles, verified on all 6561 pairs each

---- summary (mode=green) ----
GREEN: every check passed for q in [2, 3, 4, 5, 8, 9]
--- beta_census.py --help (discovering red modes) ---
--- beta_census.py --red-arf-blind (must exit non-zero) ---
[session-close] OK: beta_census.py --red-arf-blind exited non-zero as required.
--- beta_census.py --red-iso (must exit non-zero) ---
[session-close] OK: beta_census.py --red-iso exited non-zero as required.
--- beta_census.py --red-oddp-split (must exit non-zero) ---
[session-close] OK: beta_census.py --red-oddp-split exited non-zero as required.
--- fp_symmetry.py (green run) ---
fp_symmetry  mode=green   complete backtracking over F_p-linear maps

== kappa = F_2 (p=2, m=1) ==
q=2  S1  PASS { g F_p-linear : omega o g = omega } = SL_2(kappa) exactly: 6 maps, all kappa-linear, set-equal to the SL_2 enumeration  [OPEN-2 answered]
q=2  S2  PASS { g F_p-linear : psi o omega o g = psi o omega } has 6 elements = |Sp_2(F_2)| = p^{m^2} prod (p^{2i}-1); index of SL_2(kappa) in it = 1
q=2  S3  PASS |O(Q) cap SL_2(kappa)| = 2 (index 3);  |O(psi o Q) cap Sp_2(F_2)| = 2 (index 3) -- the same index, the phenomenon survives enlargement
q=2  S4  omega-self-adjoint F_p-endomorphisms: 8, kappa-scalars: 2  -- self-adjointness does NOT characterise the scalars

== kappa = F_3 (p=3, m=1) ==
q=3  S1  PASS { g F_p-linear : omega o g = omega } = SL_2(kappa) exactly: 24 maps, all kappa-linear, set-equal to the SL_2 enumeration  [OPEN-2 answered]
q=3  S2  PASS { g F_p-linear : psi o omega o g = psi o omega } has 24 elements = |Sp_2(F_3)| = p^{m^2} prod (p^{2i}-1); index of SL_2(kappa) in it = 1

== kappa = F_4 (p=2, m=2) ==
q=4  S1  PASS { g F_p-linear : omega o g = omega } = SL_2(kappa) exactly: 60 maps, all kappa-linear, set-equal to the SL_2 enumeration  [OPEN-2 answered]
q=4  S2  PASS { g F_p-linear : psi o omega o g = psi o omega } has 720 elements = |Sp_4(F_2)| = p^{m^2} prod (p^{2i}-1); index of SL_2(kappa) in it = 12
q=4  S3  PASS |O(Q) cap SL_2(kappa)| = 6 (index 10);  |O(psi o Q) cap Sp_4(F_2)| = 72 (index 10) -- the same index, the phenomenon survives enlargement
q=4  S4  omega-self-adjoint F_p-endomorphisms: 64, kappa-scalars: 4  -- self-adjointness does NOT characterise the scalars

== kappa = F_5 (p=5, m=1) ==
q=5  S1  PASS { g F_p-linear : omega o g = omega } = SL_2(kappa) exactly: 120 maps, all kappa-linear, set-equal to the SL_2 enumeration  [OPEN-2 answered]
q=5  S2  PASS { g F_p-linear : psi o omega o g = psi o omega } has 120 elements = |Sp_2(F_5)| = p^{m^2} prod (p^{2i}-1); index of SL_2(kappa) in it = 1

== kappa = F_8 (p=2, m=3) ==
q=8  S1  PASS { g F_p-linear : omega o g = omega } = SL_2(kappa) exactly: 504 maps, all kappa-linear, set-equal to the SL_2 enumeration  [OPEN-2 answered]
q=8  S2  PASS { g F_p-linear : psi o omega o g = psi o omega } has 1451520 elements = |Sp_6(F_2)| = p^{m^2} prod (p^{2i}-1); index of SL_2(kappa) in it = 2880
q=8  S3  PASS |O(Q) cap SL_2(kappa)| = 14 (index 36);  |O(psi o Q) cap Sp_6(F_2)| = 40320 (index 36) -- the same index, the phenomenon survives enlargement

== kappa = F_9 (p=3, m=2) ==
q=9  S1  PASS { g F_p-linear : omega o g = omega } = SL_2(kappa) exactly: 720 maps, all kappa-linear, set-equal to the SL_2 enumeration  [OPEN-2 answered]
q=9  S2  PASS { g F_p-linear : psi o omega o g = psi o omega } has 51840 elements = |Sp_4(F_3)| = p^{m^2} prod (p^{2i}-1); index of SL_2(kappa) in it = 72

---- summary (mode=green) ----
GREEN: every check passed for q in [2, 3, 4, 5, 8, 9]
--- fp_symmetry.py --help (discovering red modes) ---
--- fp_symmetry.py --red-kappa-linear (must exit non-zero) ---
[session-close] OK: fp_symmetry.py --red-kappa-linear exited non-zero as required.
--- fp_symmetry.py --red-sp-formula (must exit non-zero) ---
[session-close] OK: fp_symmetry.py --red-sp-formula exited non-zero as required.
--- frame_mu.py (green run) ---
frame_mu  mode=green   phases as exponents in Z/4 or Z/p; no floats

== kappa = F_2 (p=2, n=1) ==
q=2  M1  PASS exhaustive search over all 2^4 functions mu : V -> mu_2, for all 8 admissible beta': a solution exists for exactly the 2 with psi(s(v,v)) = 1 pointwise
q=2  M2  PASS a mu_2 frame isomorphism exists for exactly the 2 of 8 admissible beta' with psi o s diagonal-free, and the explicit l is verified on all 16 pairs
q=2  M3  PASS a mu_4 frame isomorphism exists for ALL 8 admissible beta' (verified on all 16 pairs each); it needs a phase of exact order 4 for exactly the 6 beta' with no mu_2 solution

== kappa = F_3 (p=3, n=1) ==
q=3  M4  PASS mu(v) = psi(s(v,v)/2) is a mu_p-valued frame isomorphism for all 27 admissible beta' (all 81 pairs each): at odd p nothing leaves mu_p

== kappa = F_4 (p=2, n=2) ==
q=4  M2  PASS a mu_2 frame isomorphism exists for exactly the 4 of 64 admissible beta' with psi o s diagonal-free, and the explicit l is verified on all 256 pairs
q=4  M3  PASS a mu_4 frame isomorphism exists for ALL 64 admissible beta' (verified on all 256 pairs each); it needs a phase of exact order 4 for exactly the 60 beta' with no mu_2 solution

== kappa = F_5 (p=5, n=1) ==
q=5  M4  PASS mu(v) = psi(s(v,v)/2) is a mu_p-valued frame isomorphism for all 125 admissible beta' (all 625 pairs each): at odd p nothing leaves mu_p

== kappa = F_8 (p=2, n=3) ==
q=8  M2  PASS a mu_2 frame isomorphism exists for exactly the 8 of 512 admissible beta' with psi o s diagonal-free, and the explicit l is verified on all 4096 pairs
q=8  M3  PASS a mu_4 frame isomorphism exists for ALL 512 admissible beta' (verified on all 4096 pairs each); it needs a phase of exact order 4 for exactly the 504 beta' with no mu_2 solution

== kappa = F_9 (p=3, n=2) ==
q=9  M4  PASS mu(v) = psi(s(v,v)/2) is a mu_p-valued frame isomorphism for all 729 admissible beta' (all 6561 pairs each): at odd p nothing leaves mu_p

---- summary (mode=green) ----
GREEN: every check passed for q in [2, 3, 4, 5, 8, 9]
--- frame_mu.py --help (discovering red modes) ---
--- frame_mu.py --red-drop-linear (must exit non-zero) ---
[session-close] OK: frame_mu.py --red-drop-linear exited non-zero as required.
--- frame_mu.py --red-mu2-always (must exit non-zero) ---
[session-close] OK: frame_mu.py --red-mu2-always exited non-zero as required.
--- funct_sections.py (green run) ---
funct_sections  mode=green   exact character exponents in Z/p

-- F1: Tr_{kappa'/F_p}|_kappa = n Tr_{kappa/F_p} --
   F_2^1 < F_2^2, n=2 : restriction of psi_zeta is psi_{zeta^0}, TRIVIAL (p|n is True)
   F_2^1 < F_2^3, n=3 : restriction of psi_zeta is psi_{zeta^1}, nontrivial (p|n is False)
   F_2^2 < F_2^4, n=2 : restriction of psi_zeta is psi_{zeta^0}, TRIVIAL (p|n is True)
   F_3^1 < F_3^2, n=2 : restriction of psi_zeta is psi_{zeta^2}, nontrivial (p|n is False)
   F_3^1 < F_3^3, n=3 : restriction of psi_zeta is psi_{zeta^0}, TRIVIAL (p|n is True)
   F_2^1 < F_2^4, n=4 : restriction of psi_zeta is psi_{zeta^0}, TRIVIAL (p|n is True)
   F_3^2 < F_3^4, n=2 : restriction of psi_zeta is psi_{zeta^2}, nontrivial (p|n is False)

-- F2/F3: Frobenius-invariant characters, and the section obstruction --
   F_2^2 (b = p): 2 Frobenius-invariant characters, 0 of them nontrivial on F_2  => NO SECTION over {finite fields, all embeddings}
   F_2^3: 2 Frobenius-invariant characters, 1 nontrivial on F_2
   F_2^4: 2 Frobenius-invariant characters, 0 nontrivial on F_2
   F_3^2: 3 Frobenius-invariant characters, 2 nontrivial on F_3
   F_3^3 (b = p): 3 Frobenius-invariant characters, 0 of them nontrivial on F_3  => NO SECTION over {finite fields, all embeddings}

-- F4: sections over the inclusion poset of subfields --
   F_2^4: 8 of 15 nontrivial characters restrict nontrivially to EVERY subfield, and they are exactly the 8 nontrivial on F_2
   F_3^4: 54 of 80 nontrivial characters restrict nontrivially to EVERY subfield, and they are exactly the 54 nontrivial on F_3
   F_2^6: 32 of 63 nontrivial characters restrict nontrivially to EVERY subfield, and they are exactly the 32 nontrivial on F_2

-- F5: the functor on character-compatible embeddings --
   F_2^1 -> F_2^2 : 2 character-compatible pairs, all 4^2 structure constants agree (unital, multiplicative, basis -> distinct basis => injective)
   F_2^1 -> F_2^3 : 4 character-compatible pairs, all 4^2 structure constants agree (unital, multiplicative, basis -> distinct basis => injective)
   F_2^2 -> F_2^4 : 4 character-compatible pairs, all 16^2 structure constants agree (unital, multiplicative, basis -> distinct basis => injective)
   composition F_2 -> F_4 -> F_16 agrees with F_2 -> F_16 on the nose; identities are identities

---- summary (mode=green) ----
GREEN: every check passed
--- funct_sections.py --help (discovering red modes) ---
--- funct_sections.py --red-restrict (must exit non-zero) ---
[session-close] OK: funct_sections.py --red-restrict exited non-zero as required.
--- funct_sections.py --red-section-exists (must exit non-zero) ---
[session-close] OK: funct_sections.py --red-section-exists exited non-zero as required.
--- split24.py (green run) ---
split24  mode=green   phase exponents in Z/4 (p=2) or Z/p; no complex numbers

== kappa = F_2 (p=2), |SL_2| = 6, N = 4 ==
q=2  X2  |Aut_F| = 24 = q^2 |SL_2| = 4 x 6; every fibre nonempty of size q^2 => the extension is exact and SPLITS ONTO SL_2 as a set
q=2  X3  PASS closed, associative on the probe, identity present
q=2  X4  PASS 4 distinct complements of V^ of order 6 (exhaustive over all generating pairs); every one of them uses a phase of exact order 4: True
q=2  X6  the mu_2 part of Aut_F has 8 elements = q^2 * 2; |SL_2| = 6 does not divide it (confirmed), so no complement can avoid mu_4

== kappa = F_3 (p=3), |SL_2| = 24, N = 3 ==
q=3  X2  |Aut_F| = 216 = q^2 |SL_2| = 9 x 24; every fibre nonempty of size q^2 => the extension is exact and SPLITS ONTO SL_2 as a set
q=3  X3  PASS closed, associative on the probe, identity present
q=3  X4  PASS the odd-p splitting g -> psi(Q_g/2) is a subgroup of order 24 meeting V^ trivially: the extension splits with mu_p phases

== kappa = F_4 (p=2), |SL_2| = 60, N = 4 ==
q=4  X2  |Aut_F| = 960 = q^2 |SL_2| = 16 x 60; every fibre nonempty of size q^2 => the extension is exact and SPLITS ONTO SL_2 as a set
q=4  X3  PASS closed, associative on the probe, identity present
q=4  X5  PASS 64 lifts of the (2,3,5) generating pair satisfy all three relations and generate a complement of order 60 meeting V^ trivially; ALL of them use phases of exact order 4
q=4  X6  the mu_2 part of Aut_F has 96 elements = q^2 * 6; |SL_2| = 60 does not divide it (confirmed), so no complement can avoid mu_4

== kappa = F_5 (p=5), |SL_2| = 120, N = 5 ==
q=5  X2  |Aut_F| = 3000 = q^2 |SL_2| = 25 x 120; every fibre nonempty of size q^2 => the extension is exact and SPLITS ONTO SL_2 as a set
q=5  X3  PASS closed, associative on the probe, identity present
q=5  X4  PASS the odd-p splitting g -> psi(Q_g/2) is a subgroup of order 120 meeting V^ trivially: the extension splits with mu_p phases

---- summary (mode=green) ----
GREEN: every check passed for q in [2, 3, 4, 5]
--- split24.py --help (discovering red modes) ---
--- split24.py --red-fibre (must exit non-zero) ---
[session-close] OK: split24.py --red-fibre exited non-zero as required.
--- split24.py --red-mu2split (must exit non-zero) ---
[session-close] OK: split24.py --red-mu2split exited non-zero as required.
--- wh_kappa_check.py (green run) ---
wh_kappa_check  mode=green
  no mutation; every gate must pass and the run exits 0
  exact: Z[zeta_p] as integer vectors mod Phi_p; no tolerance anywhere

== kappa = F_2  (p=2, n=1, |V| = 4) ==
A0.1 ring   Phi_2 verified: (x-1)Phi=x^2-1, no proper monic integer factor (bounded exhaustive search)
A0.2 ring   zeta_2 has exact order 2; the 2 powers are distinct vectors in Z[zeta_2]
A0.3 field  F_2 = F_2[t]/(01) verified: field axioms exhaustive, Tr additive onto F_2, Tr(1)=1, pairing Tr(cx) nondegenerate
A0.4 model  all 4 operators monomial with root-of-unity entries; monomial x dense products agree on 3 x 4 pairs; W W* = I on the probe
q=2  C1 PASS exhaustive on 16 ordered pairs
q=2  C2 PASS alternating on all 4 vectors, nondegenerate, kappa-bilinear (additivity on 64 triples)
q=2  C3 PASS exact on all 16 ordered pairs
q=2  C4 PASS exact on all 16 ordered pairs
q=2  C5 PASS 4 Weyl operators, exact span dimension 4 = claimed
q=2  C6 PASS commutant is exactly the scalars (dimension 1)
q=2  C7 PASS 3 isotropic kappa-lines = q+1; polarization is an isotropic splitting; census (total,kappa-iso,psi-iso) = (3, 3, 3) as pre-registered
q=2  C8 PASS 1 nontrivial additive characters = q-1, simply transitive kappa^x action, all 2 characters accounted for; W(a,b) -> W'(a/c,b) is an algebra isomorphism for every c; zeta-pair test VACUOUS at p=2 (exactly one primitive square root of unity)
q=2  C9 PASS 2 = 0 is not invertible (exhaustive), omega/2 has no value, guard armed and untripped by the run (half(1) raised: omega/2 has no value at p=2 (2 is not invertible))
q=2  C10 PASS 8 admissible kappa-bilinear cocycles, all readmitted, fall into 2 isomorphism classes of H_beta' of sizes [6, 2], separated by Arf(Q) in kappa/P(kappa) = [0, 1]; D2's class has profile {1: 1, 2: 5, 4: 2}
q=2  C11 PASS standard model d8: 0 violations of D4 in all 16 pairs; the naive ordering has 0 (E1: the two differ exactly at odd p; E3: they coincide at p=2)

== kappa = F_3  (p=3, n=1, |V| = 9) ==
A0.1 ring   Phi_3 verified: (x-1)Phi=x^3-1, no proper monic integer factor (bounded exhaustive search)
A0.2 ring   zeta_3 has exact order 3; the 3 powers are distinct vectors in Z[zeta_3]
A0.3 field  F_3 = F_3[t]/(01) verified: field axioms exhaustive, Tr additive onto F_3, Tr(1)=1, pairing Tr(cx) nondegenerate
A0.4 model  all 9 operators monomial with root-of-unity entries; monomial x dense products agree on 3 x 9 pairs; W W* = I on the probe
q=3  C1 PASS exhaustive on 81 ordered pairs
q=3  C2 PASS alternating on all 9 vectors, nondegenerate, kappa-bilinear (additivity on 729 triples)
q=3  C3 PASS exact on all 81 ordered pairs
q=3  C4 PASS exact on all 81 ordered pairs
q=3  C5 PASS 9 Weyl operators, exact span dimension 9 = claimed
q=3  C6 PASS commutant is exactly the scalars (dimension 1)
q=3  C7 PASS 4 isotropic kappa-lines = q+1; polarization is an isotropic splitting; census (total,kappa-iso,psi-iso) = (4, 4, 4) as pre-registered
q=3  C8 PASS 2 nontrivial additive characters = q-1, simply transitive kappa^x action, all 3 characters accounted for; W(a,b) -> W'(a/c,b) is an algebra isomorphism for every c; all 2 ordered pairs of distinct primitive zeta separated
q=3  C9 PASS p=3 odd: 2 is invertible (inverse 2, exhaustive), 2*half(y)=y for all y; the p=2 branch is not exercised
q=3  C10 PASS 27 admissible kappa-bilinear cocycles, all readmitted, give a SINGLE isomorphism class of H_beta' with profile {1: 1, 3: 26}: at odd p the choice of beta is immaterial
q=3  C11 PASS standard model d8: 0 violations of D4 in all 81 pairs; the naive ordering has 36 (E1: the two differ exactly at odd p; E3: they coincide at p=2)

== kappa = F_4  (p=2, n=2, |V| = 16) ==
A0.1 ring   Phi_2 verified: (x-1)Phi=x^2-1, no proper monic integer factor (bounded exhaustive search)
A0.2 ring   zeta_2 has exact order 2; the 2 powers are distinct vectors in Z[zeta_2]
A0.3 field  F_4 = F_2[t]/(111) verified: field axioms exhaustive, Tr additive onto F_2, Tr(1)=0, pairing Tr(cx) nondegenerate
A0.4 model  all 16 operators monomial with root-of-unity entries; monomial x dense products agree on 3 x 16 pairs; W W* = I on the probe
q=4  C1 PASS exhaustive on 256 ordered pairs
q=4  C2 PASS alternating on all 16 vectors, nondegenerate, kappa-bilinear (additivity on 4096 triples)
q=4  C3 PASS exact on all 256 ordered pairs
q=4  C4 PASS exact on all 256 ordered pairs
q=4  C5 PASS 16 Weyl operators, exact span dimension 16 = claimed
q=4  C6 PASS commutant is exactly the scalars (dimension 1)
q=4  C7 PASS 5 isotropic kappa-lines = q+1; polarization is an isotropic splitting; census (total,kappa-iso,psi-iso) = (35, 5, 15) as pre-registered
q=4  C8 PASS 3 nontrivial additive characters = q-1, simply transitive kappa^x action, all 4 characters accounted for; W(a,b) -> W'(a/c,b) is an algebra isomorphism for every c; zeta-pair test VACUOUS at p=2 (exactly one primitive square root of unity)
q=4  C9 PASS 2 = 0 is not invertible (exhaustive), omega/2 has no value, guard armed and untripped by the run (half(1) raised: omega/2 has no value at p=2 (2 is not invertible))
q=4  C10 PASS 64 admissible kappa-bilinear cocycles, all readmitted, fall into 2 isomorphism classes of H_beta' of sizes [40, 24], separated by Arf(Q) in kappa/P(kappa) = [0, 2]; D2's class has profile {1: 1, 2: 27, 4: 36}
q=4  C11 PASS standard model d8: 0 violations of D4 in all 256 pairs; the naive ordering has 0 (E1: the two differ exactly at odd p; E3: they coincide at p=2)

== kappa = F_5  (p=5, n=1, |V| = 25) ==
A0.1 ring   Phi_5 verified: (x-1)Phi=x^5-1, no proper monic integer factor (bounded exhaustive search)
A0.2 ring   zeta_5 has exact order 5; the 5 powers are distinct vectors in Z[zeta_5]
A0.3 field  F_5 = F_5[t]/(01) verified: field axioms exhaustive, Tr additive onto F_5, Tr(1)=1, pairing Tr(cx) nondegenerate
A0.4 model  all 25 operators monomial with root-of-unity entries; monomial x dense products agree on 3 x 25 pairs; W W* = I on the probe
q=5  C1 PASS exhaustive on 625 ordered pairs
q=5  C2 PASS alternating on all 25 vectors, nondegenerate, kappa-bilinear (additivity on 15625 triples)
q=5  C3 PASS exact on all 625 ordered pairs
q=5  C4 PASS exact on all 625 ordered pairs
q=5  C5 PASS 25 Weyl operators, exact span dimension 25 = claimed
q=5  C6 PASS commutant is exactly the scalars (dimension 1)
q=5  C7 PASS 6 isotropic kappa-lines = q+1; polarization is an isotropic splitting; census (total,kappa-iso,psi-iso) = (6, 6, 6) as pre-registered
q=5  C8 PASS 4 nontrivial additive characters = q-1, simply transitive kappa^x action, all 5 characters accounted for; W(a,b) -> W'(a/c,b) is an algebra isomorphism for every c; all 12 ordered pairs of distinct primitive zeta separated
q=5  C9 PASS p=5 odd: 2 is invertible (inverse 3, exhaustive), 2*half(y)=y for all y; the p=2 branch is not exercised
q=5  C10 PASS 125 admissible kappa-bilinear cocycles, all readmitted, give a SINGLE isomorphism class of H_beta' with profile {1: 1, 5: 124}: at odd p the choice of beta is immaterial
q=5  C11 PASS standard model d8: 0 violations of D4 in all 625 pairs; the naive ordering has 400 (E1: the two differ exactly at odd p; E3: they coincide at p=2)

== kappa = F_8  (p=2, n=3, |V| = 64) ==
A0.1 ring   Phi_2 verified: (x-1)Phi=x^2-1, no proper monic integer factor (bounded exhaustive search)
A0.2 ring   zeta_2 has exact order 2; the 2 powers are distinct vectors in Z[zeta_2]
A0.3 field  F_8 = F_2[t]/(1011) verified: field axioms exhaustive, Tr additive onto F_2, Tr(1)=1, pairing Tr(cx) nondegenerate
A0.4 model  all 64 operators monomial with root-of-unity entries; monomial x dense products agree on 3 x 64 pairs; W W* = I on the probe
q=8  C1 PASS exhaustive on 4096 ordered pairs
q=8  C2 PASS alternating on all 64 vectors, nondegenerate, kappa-bilinear (additivity on 262144 triples)
q=8  C3 PASS exact on all 4096 ordered pairs
q=8  C4 PASS exact on all 4096 ordered pairs
q=8  C5 PASS 64 Weyl operators, exact span dimension 64 = claimed
q=8  C6 PASS commutant is exactly the scalars (dimension 1)
q=8  C7 PASS 9 isotropic kappa-lines = q+1; polarization is an isotropic splitting; census (total,kappa-iso,psi-iso) = (1395, 9, 135) as pre-registered
q=8  C8 PASS 7 nontrivial additive characters = q-1, simply transitive kappa^x action, all 8 characters accounted for; W(a,b) -> W'(a/c,b) is an algebra isomorphism for every c; zeta-pair test VACUOUS at p=2 (exactly one primitive square root of unity)
q=8  C9 PASS 2 = 0 is not invertible (exhaustive), omega/2 has no value, guard armed and untripped by the run (half(1) raised: omega/2 has no value at p=2 (2 is not invertible))
q=8  C10 PASS 512 admissible kappa-bilinear cocycles, all readmitted, fall into 2 isomorphism classes of H_beta' of sizes [288, 224], separated by Arf(Q) in kappa/P(kappa) = [0, 1]; D2's class has profile {1: 1, 2: 119, 4: 392}
q=8  C11 PASS standard model d8: 0 violations of D4 in all 4096 pairs; the naive ordering has 0 (E1: the two differ exactly at odd p; E3: they coincide at p=2)

== kappa = F_9  (p=3, n=2, |V| = 81) ==
A0.1 ring   Phi_3 verified: (x-1)Phi=x^3-1, no proper monic integer factor (bounded exhaustive search)
A0.2 ring   zeta_3 has exact order 3; the 3 powers are distinct vectors in Z[zeta_3]
A0.3 field  F_9 = F_3[t]/(101) verified: field axioms exhaustive, Tr additive onto F_3, Tr(1)=2, pairing Tr(cx) nondegenerate
A0.4 model  all 81 operators monomial with root-of-unity entries; monomial x dense products agree on 3 x 81 pairs; W W* = I on the probe
q=9  C1 PASS exhaustive on 6561 ordered pairs
q=9  C2 PASS alternating on all 81 vectors, nondegenerate, kappa-bilinear (additivity on 531441 triples)
q=9  C3 PASS exact on all 6561 ordered pairs
q=9  C4 PASS exact on all 6561 ordered pairs
q=9  C5 PASS 81 Weyl operators, exact span dimension 81 = claimed
q=9  C6 PASS commutant is exactly the scalars (dimension 1)
q=9  C7 PASS 10 isotropic kappa-lines = q+1; polarization is an isotropic splitting; census (total,kappa-iso,psi-iso) = (130, 10, 40) as pre-registered
q=9  C8 PASS 8 nontrivial additive characters = q-1, simply transitive kappa^x action, all 9 characters accounted for; W(a,b) -> W'(a/c,b) is an algebra isomorphism for every c; all 2 ordered pairs of distinct primitive zeta separated
q=9  C9 PASS p=3 odd: 2 is invertible (inverse 2, exhaustive), 2*half(y)=y for all y; the p=2 branch is not exercised
q=9  C10 PASS 729 admissible kappa-bilinear cocycles, all readmitted, give a SINGLE isomorphism class of H_beta' with profile {1: 1, 3: 728}: at odd p the choice of beta is immaterial
q=9  C11 PASS standard model d8: 0 violations of D4 in all 6561 pairs; the naive ordering has 3888 (E1: the two differ exactly at odd p; E3: they coincide at p=2)

---- summary (mode=green) ----
GREEN: every gate passed for q in [2, 3, 4, 5, 8, 9]
--- wh_kappa_check.py --help (discovering red modes) ---
--- wh_kappa_check.py --red-beta-rigid (must exit non-zero) ---
[session-close] OK: wh_kappa_check.py --red-beta-rigid exited non-zero as required.
--- wh_kappa_check.py --red-cocycle (must exit non-zero) ---
[session-close] OK: wh_kappa_check.py --red-cocycle exited non-zero as required.
--- wh_kappa_check.py --red-dim (must exit non-zero) ---
[session-close] OK: wh_kappa_check.py --red-dim exited non-zero as required.
--- wh_kappa_check.py --red-halfweyl (must exit non-zero) ---
[session-close] OK: wh_kappa_check.py --red-halfweyl exited non-zero as required.
--- wh_kappa_check.py --red-naive-order (must exit non-zero) ---
[session-close] OK: wh_kappa_check.py --red-naive-order exited non-zero as required.
--- wh_kappa_check.py --red-nonisotropic (must exit non-zero) ---
[session-close] OK: wh_kappa_check.py --red-nonisotropic exited non-zero as required.
--- wh_kappa_check.py --red-psi-polarization (must exit non-zero) ---
[session-close] OK: wh_kappa_check.py --red-psi-polarization exited non-zero as required.
--- wh_kappa_check.py --red-symmetric (must exit non-zero) ---
[session-close] OK: wh_kappa_check.py --red-symmetric exited non-zero as required.
--- wh_kappa_check.py --red-trivial-char (must exit non-zero) ---
[session-close] OK: wh_kappa_check.py --red-trivial-char exited non-zero as required.

[session-close] ALL GATES PASSED.
[session-close] Remaining CLAUDE.md session-close steps (manual, not run by this script):
[session-close]   - update HANDOFF.md
[session-close]   - git add / git commit / git push
